hotel_id,hotel_source,hotel_name,room_name,bed_type,bed_category,room_category,available_rooms,base_price,tax_price,total_price,room_facilities,checkin,checkout,hotel_url,link
AGODA_1,agoda,Econo Lodge Mount Laurel - Philadelphia East,"1 King Bed, Nonsmoking",king bed,King,Normal,5.0,6465.0,0.0,6465.0,"['Wi-Fi [free]', 'Room size: 26 m²/280 ft²', '1 king bed', 'Private bathroom', 'Air conditioning', 'Refrigerator', 'Hair dryer', 'Shower']",2025-11-04,2025-11-05,https://www.agoda.com/econo-lodge_2/hotel/mount-laurel-nj-us.html?countryId=181&finalPriceView=1&isShowMobileAppPrice=false&cid=-1&numberOfBedrooms=&familyMode=false&adults=2&children=0&rooms=1&maxRooms=0&checkIn=2025-11-1&isCalendarCallout=false&childAges=&numberOfGuest=0&missingChildAges=false&travellerType=1&showReviewSubmissionEntry=false&currencyCode=INR&isFreeOccSearch=false&los=4&searchrequestid=054e8861-9dbe-4d30-a873-69fffa1fe3d6&ds=CH3TEme3dqOaFa9f,
AGODA_1,agoda,Econo Lodge Mount Laurel - Philadelphia East,"2 Queen Beds, Nonsmoking",queen beds,Queen,Normal,5.0,7122.0,0.0,7122.0,"['Wi-Fi [free]', 'Room size: 26 m²/280 ft²', '2 queen beds', 'Exterior corridor', 'Private bathroom', 'Air conditioning', 'Refrigerator', 'Hair dryer', 'Shower']",2025-11-04,2025-11-05,https://www.agoda.com/econo-lodge_2/hotel/mount-laurel-nj-us.html?countryId=181&finalPriceView=1&isShowMobileAppPrice=false&cid=-1&numberOfBedrooms=&familyMode=false&adults=2&children=0&rooms=1&maxRooms=0&checkIn=2025-11-1&isCalendarCallout=false&childAges=&numberOfGuest=0&missingChildAges=false&travellerType=1&showReviewSubmissionEntry=false&currencyCode=INR&isFreeOccSearch=false&los=4&searchrequestid=054e8861-9dbe-4d30-a873-69fffa1fe3d6&ds=CH3TEme3dqOaFa9f,
AGODA_2,agoda,Quality Inn New London,"2 Queen Beds, Nonsmoking",queen beds,Queen,Normal,5.0,8950.0,0.0,8950.0,"['Wi-Fi [free]', 'Room size: 42 m²/452 ft²', 'Street view', '2 queen beds', 'Bathtub', 'Window', 'Sleep comfort items', 'Ground floor available', 'Non-smoking', 'Shared bathroom']",2025-11-01,2025-11-02,https://www.agoda.com/americas-best-value-inn-new-london_4/hotel/new-london-wi-us.html?countryId=181&finalPriceView=1&isShowMobileAppPrice=false&cid=-1&numberOfBedrooms=&familyMode=false&adults=2&children=0&rooms=1&maxRooms=0&checkIn=2025-11-1&isCalendarCallout=false&childAges=&numberOfGuest=0&missingChildAges=false&travellerType=1&showReviewSubmissionEntry=false&currencyCode=INR&isFreeOccSearch=false&tspTypes=8&los=4&searchrequestid=88693a4b-7fef-4a69-9b08-650154e6aa7b&ds=CH3TEme3dqOaFa9f,
AGODA_2,agoda,Quality Inn New London,"1 King Bed, Nonsmoking",king bed,King,Normal,5.0,8950.0,0.0,8950.0,"['Wi-Fi [free]', 'Room size: 28 m²/301 ft²', 'Street view', '1 king bed', 'Bathtub', 'Window', 'Sleep comfort items', 'Non-smoking', 'Shared bathroom', 'Closet']",2025-11-01,2025-11-02,https://www.agoda.com/americas-best-value-inn-new-london_4/hotel/new-london-wi-us.html?countryId=181&finalPriceView=1&isShowMobileAppPrice=false&cid=-1&numberOfBedrooms=&familyMode=false&adults=2&children=0&rooms=1&maxRooms=0&checkIn=2025-11-1&isCalendarCallout=false&childAges=&numberOfGuest=0&missingChildAges=false&travellerType=1&showReviewSubmissionEntry=false&currencyCode=INR&isFreeOccSearch=false&tspTypes=8&los=4&searchrequestid=88693a4b-7fef-4a69-9b08-650154e6aa7b&ds=CH3TEme3dqOaFa9f,
AGODA_2,agoda,Quality Inn New London,"2 Queen Beds, Nonsmoking",queen beds,Queen,Normal,5.0,8950.0,0.0,8950.0,"['Wi-Fi [free]', 'Room size: 28 m²/301 ft²', 'Street view', '2 queen beds', 'Bathtub', 'Window', 'Sleep comfort items', 'Ground floor available', 'Non-smoking', 'Shared bathroom']",2025-11-01,2025-11-02,https://www.agoda.com/americas-best-value-inn-new-london_4/hotel/new-london-wi-us.html?countryId=181&finalPriceView=1&isShowMobileAppPrice=false&cid=-1&numberOfBedrooms=&familyMode=false&adults=2&children=0&rooms=1&maxRooms=0&checkIn=2025-11-1&isCalendarCallout=false&childAges=&numberOfGuest=0&missingChildAges=false&travellerType=1&showReviewSubmissionEntry=false&currencyCode=INR&isFreeOccSearch=false&tspTypes=8&los=4&searchrequestid=88693a4b-7fef-4a69-9b08-650154e6aa7b&ds=CH3TEme3dqOaFa9f,
AGODA_2,agoda,Quality Inn New London,"2 Queen Beds, Nonsmoking",queen beds,Queen,Normal,5.0,9204.0,0.0,9204.0,"['Wi-Fi [free]', 'Room size: 42 m²/452 ft²', 'Street view', '2 queen beds', 'Bathtub', 'Window', 'Sleep comfort items', 'Ground floor available', 'Non-smoking', 'Shared bathroom']",2025-11-01,2025-11-02,https://www.agoda.com/americas-best-value-inn-new-london_4/hotel/new-london-wi-us.html?countryId=181&finalPriceView=1&isShowMobileAppPrice=false&cid=-1&numberOfBedrooms=&familyMode=false&adults=2&children=0&rooms=1&maxRooms=0&checkIn=2025-11-1&isCalendarCallout=false&childAges=&numberOfGuest=0&missingChildAges=false&travellerType=1&showReviewSubmissionEntry=false&currencyCode=INR&isFreeOccSearch=false&tspTypes=8&los=4&searchrequestid=88693a4b-7fef-4a69-9b08-650154e6aa7b&ds=CH3TEme3dqOaFa9f,
AGODA_2,agoda,Quality Inn New London,"1 King Bed, Nonsmoking",king bed,King,Normal,0.0,11377.0,0.0,11377.0,"['Wi-Fi [free]', 'Room size: 28 m²/301 ft²', 'Street view', '1 king bed', 'Bathtub', 'Window', 'Sleep comfort items', 'Ground floor available', 'Non-smoking', 'Shared bathroom']",2025-11-01,2025-11-02,https://www.agoda.com/americas-best-value-inn-new-london_4/hotel/new-london-wi-us.html?countryId=181&finalPriceView=1&isShowMobileAppPrice=false&cid=-1&numberOfBedrooms=&familyMode=false&adults=2&children=0&rooms=1&maxRooms=0&checkIn=2025-11-1&isCalendarCallout=false&childAges=&numberOfGuest=0&missingChildAges=false&travellerType=1&showReviewSubmissionEntry=false&currencyCode=INR&isFreeOccSearch=false&tspTypes=8&los=4&searchrequestid=88693a4b-7fef-4a69-9b08-650154e6aa7b&ds=CH3TEme3dqOaFa9f,
AGODA_2,agoda,Quality Inn New London,"1 Queen Bed, Suite, Nonsmoking",queen bed,Queen,Suite,5.0,12083.0,0.0,12083.0,"['Wi-Fi [free]', 'Room size: 42 m²/452 ft²', 'Street view', '1 queen bed', 'Whirlpool bathtub', 'Window', 'Sleep comfort items', 'Non-smoking', 'Shared bathroom', 'Closet']",2025-11-01,2025-11-02,https://www.agoda.com/americas-best-value-inn-new-london_4/hotel/new-london-wi-us.html?countryId=181&finalPriceView=1&isShowMobileAppPrice=false&cid=-1&numberOfBedrooms=&familyMode=false&adults=2&children=0&rooms=1&maxRooms=0&checkIn=2025-11-1&isCalendarCallout=false&childAges=&numberOfGuest=0&missingChildAges=false&travellerType=1&showReviewSubmissionEntry=false&currencyCode=INR&isFreeOccSearch=false&tspTypes=8&los=4&searchrequestid=88693a4b-7fef-4a69-9b08-650154e6aa7b&ds=CH3TEme3dqOaFa9f,
AGODA_2,agoda,Quality Inn New London,"1 King Bed, Suite, Nonsmoking",king bedS,King,Suite,0.0,17110.0,0.0,17110.0,"['Wi-Fi [free]', 'Room size: 42 m²/452 ft²', 'Street view', '1 king bed', 'Separate shower/bathtub', 'Window', 'Blackout curtains', 'Top floor available', 'Non-smoking', 'Shared bathroom']",2025-11-01,2025-11-02,https://www.agoda.com/americas-best-value-inn-new-london_4/hotel/new-london-wi-us.html?countryId=181&finalPriceView=1&isShowMobileAppPrice=false&cid=-1&numberOfBedrooms=&familyMode=false&adults=2&children=0&rooms=1&maxRooms=0&checkIn=2025-11-1&isCalendarCallout=false&childAges=&numberOfGuest=0&missingChildAges=false&travellerType=1&showReviewSubmissionEntry=false&currencyCode=INR&isFreeOccSearch=false&tspTypes=8&los=4&searchrequestid=88693a4b-7fef-4a69-9b08-650154e6aa7b&ds=CH3TEme3dqOaFa9f,
AGODA_2,agoda,Quality Inn New London,"1 King Bed, Nonsmoking",king bed,King,Normal,5.0,5674.0,0.0,5674.0,"['Wi-Fi [free]', 'Room size: 28 m²/301 ft²', 'Street view', '1 king bed', 'Bathtub', 'Window', 'Sleep comfort items', 'Ground floor available', 'Non-smoking', 'Shared bathroom']",2025-11-02,2025-11-03,https://www.agoda.com/americas-best-value-inn-new-london_4/hotel/new-london-wi-us.html?countryId=181&finalPriceView=1&isShowMobileAppPrice=false&cid=-1&numberOfBedrooms=&familyMode=false&adults=2&children=0&rooms=1&maxRooms=0&checkIn=2025-11-1&isCalendarCallout=false&childAges=&numberOfGuest=0&missingChildAges=false&travellerType=1&showReviewSubmissionEntry=false&currencyCode=INR&isFreeOccSearch=false&tspTypes=8&los=4&searchrequestid=88693a4b-7fef-4a69-9b08-650154e6aa7b&ds=CH3TEme3dqOaFa9f,
AGODA_2,agoda,Quality Inn New London,"2 Queen Beds, Nonsmoking",queen beds,Queen,Normal,5.0,6000.0,0.0,6000.0,"['Wi-Fi [free]', 'Room size: 42 m²/452 ft²', 'Street view', '2 queen beds', 'Bathtub', 'Window', 'Sleep comfort items', 'Ground floor available', 'Non-smoking', 'Shared bathroom']",2025-11-02,2025-11-03,https://www.agoda.com/americas-best-value-inn-new-london_4/hotel/new-london-wi-us.html?countryId=181&finalPriceView=1&isShowMobileAppPrice=false&cid=-1&numberOfBedrooms=&familyMode=false&adults=2&children=0&rooms=1&maxRooms=0&checkIn=2025-11-1&isCalendarCallout=false&childAges=&numberOfGuest=0&missingChildAges=false&travellerType=1&showReviewSubmissionEntry=false&currencyCode=INR&isFreeOccSearch=false&tspTypes=8&los=4&searchrequestid=88693a4b-7fef-4a69-9b08-650154e6aa7b&ds=CH3TEme3dqOaFa9f,
AGODA_2,agoda,Quality Inn New London,"1 King Bed, Nonsmoking",king bed,King,Normal,5.0,6000.0,0.0,6000.0,"['Wi-Fi [free]', 'Room size: 28 m²/301 ft²', 'Street view', '1 king bed', 'Bathtub', 'Window', 'Sleep comfort items', 'Non-smoking', 'Shared bathroom', 'Closet']",2025-11-02,2025-11-03,https://www.agoda.com/americas-best-value-inn-new-london_4/hotel/new-london-wi-us.html?countryId=181&finalPriceView=1&isShowMobileAppPrice=false&cid=-1&numberOfBedrooms=&familyMode=false&adults=2&children=0&rooms=1&maxRooms=0&checkIn=2025-11-1&isCalendarCallout=false&childAges=&numberOfGuest=0&missingChildAges=false&travellerType=1&showReviewSubmissionEntry=false&currencyCode=INR&isFreeOccSearch=false&tspTypes=8&los=4&searchrequestid=88693a4b-7fef-4a69-9b08-650154e6aa7b&ds=CH3TEme3dqOaFa9f,
AGODA_2,agoda,Quality Inn New London,"2 Queen Beds, Nonsmoking",queen beds,Queen,Normal,5.0,6000.0,0.0,6000.0,"['Wi-Fi [free]', 'Room size: 28 m²/301 ft²', 'Street view', '2 queen beds', 'Bathtub', 'Window', 'Sleep comfort items', 'Ground floor available', 'Non-smoking', 'Shared bathroom']",2025-11-02,2025-11-03,https://www.agoda.com/americas-best-value-inn-new-london_4/hotel/new-london-wi-us.html?countryId=181&finalPriceView=1&isShowMobileAppPrice=false&cid=-1&numberOfBedrooms=&familyMode=false&adults=2&children=0&rooms=1&maxRooms=0&checkIn=2025-11-1&isCalendarCallout=false&childAges=&numberOfGuest=0&missingChildAges=false&travellerType=1&showReviewSubmissionEntry=false&currencyCode=INR&isFreeOccSearch=false&tspTypes=8&los=4&searchrequestid=88693a4b-7fef-4a69-9b08-650154e6aa7b&ds=CH3TEme3dqOaFa9f,
AGODA_2,agoda,Quality Inn New London,"2 Queen Beds, Nonsmoking",queen beds,Queen,Normal,5.0,6322.0,0.0,6322.0,"['Wi-Fi [free]', 'Room size: 42 m²/452 ft²', 'Street view', '2 queen beds', 'Bathtub', 'Window', 'Sleep comfort items', 'Ground floor available', 'Non-smoking', 'Shared bathroom']",2025-11-02,2025-11-03,https://www.agoda.com/americas-best-value-inn-new-london_4/hotel/new-london-wi-us.html?countryId=181&finalPriceView=1&isShowMobileAppPrice=false&cid=-1&numberOfBedrooms=&familyMode=false&adults=2&children=0&rooms=1&maxRooms=0&checkIn=2025-11-1&isCalendarCallout=false&childAges=&numberOfGuest=0&missingChildAges=false&travellerType=1&showReviewSubmissionEntry=false&currencyCode=INR&isFreeOccSearch=false&tspTypes=8&los=4&searchrequestid=88693a4b-7fef-4a69-9b08-650154e6aa7b&ds=CH3TEme3dqOaFa9f,
AGODA_2,agoda,Quality Inn New London,"1 Queen Bed, Suite, Nonsmoking",queen bed,Queen,Suite,5.0,8886.0,0.0,8886.0,"['Wi-Fi [free]', 'Room size: 42 m²/452 ft²', 'Street view', '1 queen bed', 'Whirlpool bathtub', 'Window', 'Sleep comfort items', 'Non-smoking', 'Shared bathroom', 'Closet']",2025-11-02,2025-11-03,https://www.agoda.com/americas-best-value-inn-new-london_4/hotel/new-london-wi-us.html?countryId=181&finalPriceView=1&isShowMobileAppPrice=false&cid=-1&numberOfBedrooms=&familyMode=false&adults=2&children=0&rooms=1&maxRooms=0&checkIn=2025-11-1&isCalendarCallout=false&childAges=&numberOfGuest=0&missingChildAges=false&travellerType=1&showReviewSubmissionEntry=false&currencyCode=INR&isFreeOccSearch=false&tspTypes=8&los=4&searchrequestid=88693a4b-7fef-4a69-9b08-650154e6aa7b&ds=CH3TEme3dqOaFa9f,
AGODA_2,agoda,Quality Inn New London,"1 King Bed, Suite, Nonsmoking",king bedS,King,Suite,0.0,12700.0,0.0,12700.0,"['Wi-Fi [free]', 'Room size: 42 m²/452 ft²', 'Street view', '1 king bed', 'Separate shower/bathtub', 'Window', 'Blackout curtains', 'Top floor available', 'Non-smoking', 'Shared bathroom']",2025-11-02,2025-11-03,https://www.agoda.com/americas-best-value-inn-new-london_4/hotel/new-london-wi-us.html?countryId=181&finalPriceView=1&isShowMobileAppPrice=false&cid=-1&numberOfBedrooms=&familyMode=false&adults=2&children=0&rooms=1&maxRooms=0&checkIn=2025-11-1&isCalendarCallout=false&childAges=&numberOfGuest=0&missingChildAges=false&travellerType=1&showReviewSubmissionEntry=false&currencyCode=INR&isFreeOccSearch=false&tspTypes=8&los=4&searchrequestid=88693a4b-7fef-4a69-9b08-650154e6aa7b&ds=CH3TEme3dqOaFa9f,
BOOKING_1,booking,Econolodge,Double Room,twin bedsand,Twin,Normal,0.0,6982.0,1012.0,7994.0,"['650 m²', 'Bathtub', 'Air conditioning', 'Private bathroom', 'Flat-screen TV', 'Free Wifi', 'Bathrobe', 'Toilet', 'Towels', 'Linens', 'Desk', 'Tea/Coffee maker', 'Microwave', 'Heating', 'Wake-up service', 'Dining table', 'Clothes rack', 'Toilet paper']",2025-11-01,2025-11-02,https://www.booking.com/hotel/us/econolodge-andalusia.html?aid=304142&label=gen173nr-10CAEoggI46AdIM1gEaGyIAQGYATO4ARfIAQzYAQPoAQH4AQGIAgGoAgG4ArDI-sYGwAIB0gIkODhkOWY1YzgtMTk5OS00MzI4LTgxNGYtZDFiMjg0OTQ1Y2U52AIB4AIB&sid=b4a3f7b31a243b80f8ac20db0073a78a&all_sr_blocks=1047393001_377033255_2_1_0&checkin=2025-11-01&checkout=2025-11-05&dest_id=10473930&dest_type=hotel&dist=0&group_adults=2&group_children=0&hapos=1&highlighted_blocks=1047393001_377033255_2_1_0&hpos=1&matching_block_id=1047393001_377033255_2_1_0&no_rooms=1&req_adults=2&req_children=0&room1=A%2CA&sb_price_type=total&sr_order=popularity&sr_pri_blocks=1047393001_377033255_2_1_0__31660&srepoch=1759421509&srpvid=2fc671ddeea902a0&type=total&ucfs=1&,
BOOKING_1,booking,Us,Double Room,twin bedsand,Twin,Normal,0.0,6982.0,1012.0,7994.0,"['650 m²', 'Bathtub', 'Air conditioning', 'Private bathroom', 'Flat-screen TV', 'Free Wifi', 'Bathrobe', 'Toilet', 'Towels', 'Linens', 'Desk', 'Tea/Coffee maker', 'Microwave', 'Heating', 'Wake-up service', 'Dining table', 'Clothes rack', 'Toilet paper']",2025-11-04,2025-11-05,https://www.booking.com/hotel/us/econolodge-andalusia.html?aid=304142&label=gen173nr-10CAEoggI46AdIM1gEaGyIAQGYATO4ARfIAQzYAQPoAQH4AQGIAgGoAgG4ArDI-sYGwAIB0gIkODhkOWY1YzgtMTk5OS00MzI4LTgxNGYtZDFiMjg0OTQ1Y2U52AIB4AIB&sid=b4a3f7b31a243b80f8ac20db0073a78a&all_sr_blocks=1047393001_377033255_2_1_0&checkin=2025-11-01&checkout=2025-11-05&dest_id=10473930&dest_type=hotel&dist=0&group_adults=2&group_children=0&hapos=1&highlighted_blocks=1047393001_377033255_2_1_0&hpos=1&matching_block_id=1047393001_377033255_2_1_0&no_rooms=1&req_adults=2&req_children=0&room1=A%2CA&sb_price_type=total&sr_order=popularity&sr_pri_blocks=1047393001_377033255_2_1_0__31660&srepoch=1759421509&srpvid=2fc671ddeea902a0&type=total&ucfs=1&,
BOOKING_2,booking,Us,King Room,,,Normal,0.0,10742.0,1450.0,12192.0,"['Air conditioning', 'Private bathroom', 'Flat-screen TV', 'Free Wifi', '', 'Toilet', '', 'Towels', '', 'Linens', '', 'Socket near the bed', '', 'Desk', '', 'TV', '', 'Telephone', '', 'Heating', '', 'Hairdryer', '', 'Carpeted', '', 'Cable channels', '', 'Alarm clock', '', 'Wardrobe or closet', '', 'Toilet paper', '', 'Carbon monoxide detector', '', 'Single-room AC for guest accommodation']",2025-11-01,2025-11-02,https://www.booking.com/hotel/us/best-western-plover.html?aid=304142&label=gen173nr-10CAEoggI46AdIM1gEaGyIAQGYATO4ARfIAQzYAQPoAQH4AQGIAgGoAgG4ArDI-sYGwAIB0gIkODhkOWY1YzgtMTk5OS00MzI4LTgxNGYtZDFiMjg0OTQ1Y2U52AIB4AIB&sid=b4a3f7b31a243b80f8ac20db0073a78a&checkin=2025-11-01&checkout=2025-11-05&dist=0&group_adults=2&group_children=0&hapos=1&hpos=1&no_rooms=1&req_adults=2&req_children=0&room1=A%2CA&sb_price_type=total&soh=1&sr_order=popularity&srepoch=1759421677&srpvid=8df8722f6fa0016b&type=total&ucfs=1&#no_availability_msg,
BOOKING_2,booking,Us,King Suite with Spa Bath,king bed,King,Suite,3.0,14025.0,1893.0,15918.0,"['1 room', 'Bathtub', 'Air conditioning', 'Private bathroom', 'Flat-screen TV', 'Free Wifi', 'Toilet', 'Towels', 'Linens', 'Socket near the bed', 'Desk', 'TV', 'Telephone', 'Heating', 'Hairdryer', 'Extra long beds (> 2 metres)', 'Carpeted', 'Cable channels', 'Alarm clock', 'Wardrobe or closet', 'Toilet paper', 'Single-room AC for guest accommodation', 'Carbon monoxide detector']",2025-11-01,2025-11-02,https://www.booking.com/hotel/us/best-western-plover.html?aid=304142&label=gen173nr-10CAEoggI46AdIM1gEaGyIAQGYATO4ARfIAQzYAQPoAQH4AQGIAgGoAgG4ArDI-sYGwAIB0gIkODhkOWY1YzgtMTk5OS00MzI4LTgxNGYtZDFiMjg0OTQ1Y2U52AIB4AIB&sid=b4a3f7b31a243b80f8ac20db0073a78a&checkin=2025-11-01&checkout=2025-11-05&dist=0&group_adults=2&group_children=0&hapos=1&hpos=1&no_rooms=1&req_adults=2&req_children=0&room1=A%2CA&sb_price_type=total&soh=1&sr_order=popularity&srepoch=1759421677&srpvid=8df8722f6fa0016b&type=total&ucfs=1&#no_availability_msg,
BOOKING_2,booking,Us,Queen Room with Two Queen Beds - Non-Smoking,queen beds,Queen,Normal,0.0,12261.0,1655.0,13916.0,"['1 room', 'Bathtub', 'Air conditioning', 'Private bathroom', 'Flat-screen TV', 'Free Wifi', 'Toilet', 'Towels', 'Linens', 'Socket near the bed', 'Desk', 'TV', 'Telephone', 'Heating', 'Hairdryer', 'Carpeted', 'Cable channels', 'Alarm clock', 'Wardrobe or closet', 'Toilet paper', 'Single-room AC for guest accommodation', 'Carbon monoxide detector']",2025-11-01,2025-11-02,https://www.booking.com/hotel/us/best-western-plover.html?aid=304142&label=gen173nr-10CAEoggI46AdIM1gEaGyIAQGYATO4ARfIAQzYAQPoAQH4AQGIAgGoAgG4ArDI-sYGwAIB0gIkODhkOWY1YzgtMTk5OS00MzI4LTgxNGYtZDFiMjg0OTQ1Y2U52AIB4AIB&sid=b4a3f7b31a243b80f8ac20db0073a78a&checkin=2025-11-01&checkout=2025-11-05&dist=0&group_adults=2&group_children=0&hapos=1&hpos=1&no_rooms=1&req_adults=2&req_children=0&room1=A%2CA&sb_price_type=total&soh=1&sr_order=popularity&srepoch=1759421677&srpvid=8df8722f6fa0016b&type=total&ucfs=1&#no_availability_msg,
BOOKING_2,booking,Us,King Room with Roll-In Shower - Disability Access/Non-Smoking,king bed,King,Normal,2.0,11379.0,1536.0,12915.0,"['1 room', 'Air conditioning', 'Private bathroom', 'Flat-screen TV', 'Free Wifi', 'Toilet', 'Towels', 'Linens', 'Socket near the bed', 'Desk', 'TV', 'Telephone', 'Heating', 'Hairdryer', 'Extra long beds (> 2 metres)', 'Carpeted', 'Cable channels', 'Alarm clock', 'Wardrobe or closet', 'Toilet paper', 'Carbon monoxide detector', 'Single-room AC for guest accommodation']",2025-11-01,2025-11-02,https://www.booking.com/hotel/us/best-western-plover.html?aid=304142&label=gen173nr-10CAEoggI46AdIM1gEaGyIAQGYATO4ARfIAQzYAQPoAQH4AQGIAgGoAgG4ArDI-sYGwAIB0gIkODhkOWY1YzgtMTk5OS00MzI4LTgxNGYtZDFiMjg0OTQ1Y2U52AIB4AIB&sid=b4a3f7b31a243b80f8ac20db0073a78a&checkin=2025-11-01&checkout=2025-11-05&dist=0&group_adults=2&group_children=0&hapos=1&hpos=1&no_rooms=1&req_adults=2&req_children=0&room1=A%2CA&sb_price_type=total&soh=1&sr_order=popularity&srepoch=1759421677&srpvid=8df8722f6fa0016b&type=total&ucfs=1&#no_availability_msg,
BOOKING_2,booking,Us,Queen Suite with Sofa Bed,queen beds,Queen,Suite,1.0,13143.0,1774.0,14917.0,"['Private suite', 'Bathtub', 'Air conditioning', 'Private bathroom', 'Flat-screen TV', 'Free Wifi', 'Toilet', 'Towels', 'Linens', 'Socket near the bed', 'Desk', 'TV', 'Telephone', 'Heating', 'Hairdryer', 'Carpeted', 'Cable channels', 'Alarm clock', 'Wardrobe or closet', 'Toilet paper', 'Carbon monoxide detector', 'Single-room AC for guest accommodation']",2025-11-01,2025-11-02,https://www.booking.com/hotel/us/best-western-plover.html?aid=304142&label=gen173nr-10CAEoggI46AdIM1gEaGyIAQGYATO4ARfIAQzYAQPoAQH4AQGIAgGoAgG4ArDI-sYGwAIB0gIkODhkOWY1YzgtMTk5OS00MzI4LTgxNGYtZDFiMjg0OTQ1Y2U52AIB4AIB&sid=b4a3f7b31a243b80f8ac20db0073a78a&checkin=2025-11-01&checkout=2025-11-05&dist=0&group_adults=2&group_children=0&hapos=1&hpos=1&no_rooms=1&req_adults=2&req_children=0&room1=A%2CA&sb_price_type=total&soh=1&sr_order=popularity&srepoch=1759421677&srpvid=8df8722f6fa0016b&type=total&ucfs=1&#no_availability_msg,
BOOKING_2,booking,Us,Family King Suite with Sofa Bed - Non-Smoking,king bedand1 sofa bed,King,Suite,2.0,14907.0,2012.0,16919.0,"['Private suite', 'Bathtub', 'Air conditioning', 'Private bathroom', 'Flat-screen TV', 'Free Wifi', 'Toilet', 'Sofa', 'Towels', 'Linens', 'Socket near the bed', 'Desk', 'TV', 'Telephone', 'Heating', 'Hairdryer', 'Carpeted', 'Cable channels', 'Alarm clock', 'Wardrobe or closet', 'Toilet paper', 'Sofa bed', 'Carbon monoxide detector', 'Single-room AC for guest accommodation']",2025-11-01,2025-11-02,https://www.booking.com/hotel/us/best-western-plover.html?aid=304142&label=gen173nr-10CAEoggI46AdIM1gEaGyIAQGYATO4ARfIAQzYAQPoAQH4AQGIAgGoAgG4ArDI-sYGwAIB0gIkODhkOWY1YzgtMTk5OS00MzI4LTgxNGYtZDFiMjg0OTQ1Y2U52AIB4AIB&sid=b4a3f7b31a243b80f8ac20db0073a78a&checkin=2025-11-01&checkout=2025-11-05&dist=0&group_adults=2&group_children=0&hapos=1&hpos=1&no_rooms=1&req_adults=2&req_children=0&room1=A%2CA&sb_price_type=total&soh=1&sr_order=popularity&srepoch=1759421677&srpvid=8df8722f6fa0016b&type=total&ucfs=1&#no_availability_msg,
BOOKING_2,booking,Us,Family Queen Suite with Sofa Bed,queen beds,Queen,Suite,2.0,15789.0,2132.0,17921.0,"['Private suite', 'Bathtub', 'Air conditioning', 'Private bathroom', 'Flat-screen TV', 'Coffee machine', 'Free Wifi', 'Shower', 'Toilet', 'Towels', 'Linens', 'Socket near the bed', 'Desk', 'TV', 'Telephone', 'Tea/Coffee maker', 'Heating', 'Hairdryer', 'Carpeted', 'Cable channels', 'Alarm clock', 'Wardrobe or closet', 'Toilet paper', 'Carbon monoxide detector', 'Single-room AC for guest accommodation']",2025-11-01,2025-11-02,https://www.booking.com/hotel/us/best-western-plover.html?aid=304142&label=gen173nr-10CAEoggI46AdIM1gEaGyIAQGYATO4ARfIAQzYAQPoAQH4AQGIAgGoAgG4ArDI-sYGwAIB0gIkODhkOWY1YzgtMTk5OS00MzI4LTgxNGYtZDFiMjg0OTQ1Y2U52AIB4AIB&sid=b4a3f7b31a243b80f8ac20db0073a78a&checkin=2025-11-01&checkout=2025-11-05&dist=0&group_adults=2&group_children=0&hapos=1&hpos=1&no_rooms=1&req_adults=2&req_children=0&room1=A%2CA&sb_price_type=total&soh=1&sr_order=popularity&srepoch=1759421677&srpvid=8df8722f6fa0016b&type=total&ucfs=1&#no_availability_msg,
BOOKING_2,booking,Us,Two-Room Queen Suite,sofa bedand2 queen beds,Queen,Suite,2.0,16671.0,2251.0,18922.0,"['Private suite', 'Bathtub', 'Air conditioning', 'Private bathroom', 'Flat-screen TV', 'Coffee machine', 'Free Wifi', 'Shower', 'Toilet', 'Sofa', 'Towels', 'Linens', 'Socket near the bed', 'Desk', 'TV', 'Telephone', 'Tea/Coffee maker', 'Heating', 'Hairdryer', 'Carpeted', 'Cable channels', 'Alarm clock', 'Wardrobe or closet', 'Toilet paper', 'Sofa bed', 'Single-room AC for guest accommodation', 'Carbon monoxide detector']",2025-11-01,2025-11-02,https://www.booking.com/hotel/us/best-western-plover.html?aid=304142&label=gen173nr-10CAEoggI46AdIM1gEaGyIAQGYATO4ARfIAQzYAQPoAQH4AQGIAgGoAgG4ArDI-sYGwAIB0gIkODhkOWY1YzgtMTk5OS00MzI4LTgxNGYtZDFiMjg0OTQ1Y2U52AIB4AIB&sid=b4a3f7b31a243b80f8ac20db0073a78a&checkin=2025-11-01&checkout=2025-11-05&dist=0&group_adults=2&group_children=0&hapos=1&hpos=1&no_rooms=1&req_adults=2&req_children=0&room1=A%2CA&sb_price_type=total&soh=1&sr_order=popularity&srepoch=1759421677&srpvid=8df8722f6fa0016b&type=total&ucfs=1&#no_availability_msg,
BOOKING_2,booking,Us,King Suite with Spa Bath,king bed,King,Suite,4.0,9702.0,1310.0,11012.0,"['1 room', 'Bathtub', 'Air conditioning', 'Private bathroom', 'Flat-screen TV', 'Free Wifi', 'Toilet', 'Towels', 'Linens', 'Socket near the bed', 'Desk', 'TV', 'Telephone', 'Heating', 'Hairdryer', 'Extra long beds (> 2 metres)', 'Carpeted', 'Cable channels', 'Alarm clock', 'Wardrobe or closet', 'Toilet paper', 'Carbon monoxide detector', 'Single-room AC for guest accommodation']",2025-11-02,2025-11-03,https://www.booking.com/hotel/us/best-western-plover.html?aid=304142&label=gen173nr-10CAEoggI46AdIM1gEaGyIAQGYATO4ARfIAQzYAQPoAQH4AQGIAgGoAgG4ArDI-sYGwAIB0gIkODhkOWY1YzgtMTk5OS00MzI4LTgxNGYtZDFiMjg0OTQ1Y2U52AIB4AIB&sid=b4a3f7b31a243b80f8ac20db0073a78a&checkin=2025-11-01&checkout=2025-11-05&dist=0&group_adults=2&group_children=0&hapos=1&hpos=1&no_rooms=1&req_adults=2&req_children=0&room1=A%2CA&sb_price_type=total&soh=1&sr_order=popularity&srepoch=1759421677&srpvid=8df8722f6fa0016b&type=total&ucfs=1&#no_availability_msg,
BOOKING_2,booking,Us,King Room,king bed,King,Normal,7.0,7938.0,1072.0,9010.0,"['1 room', 'Air conditioning', 'Private bathroom', 'Flat-screen TV', 'Free Wifi', 'Toilet', 'Towels', 'Linens', 'Socket near the bed', 'Desk', 'TV', 'Telephone', 'Heating', 'Hairdryer', 'Carpeted', 'Cable channels', 'Alarm clock', 'Wardrobe or closet', 'Toilet paper', 'Carbon monoxide detector', 'Single-room AC for guest accommodation']",2025-11-02,2025-11-03,https://www.booking.com/hotel/us/best-western-plover.html?aid=304142&label=gen173nr-10CAEoggI46AdIM1gEaGyIAQGYATO4ARfIAQzYAQPoAQH4AQGIAgGoAgG4ArDI-sYGwAIB0gIkODhkOWY1YzgtMTk5OS00MzI4LTgxNGYtZDFiMjg0OTQ1Y2U52AIB4AIB&sid=b4a3f7b31a243b80f8ac20db0073a78a&checkin=2025-11-01&checkout=2025-11-05&dist=0&group_adults=2&group_children=0&hapos=1&hpos=1&no_rooms=1&req_adults=2&req_children=0&room1=A%2CA&sb_price_type=total&soh=1&sr_order=popularity&srepoch=1759421677&srpvid=8df8722f6fa0016b&type=total&ucfs=1&#no_availability_msg,
BOOKING_2,booking,Us,King Room with Roll-In Shower - Disability Access/Non-Smoking,king bed,King,Normal,2.0,7938.0,1072.0,9010.0,"['1 room', 'Air conditioning', 'Private bathroom', 'Flat-screen TV', 'Free Wifi', 'Toilet', 'Towels', 'Linens', 'Socket near the bed', 'Desk', 'TV', 'Telephone', 'Heating', 'Hairdryer', 'Extra long beds (> 2 metres)', 'Carpeted', 'Cable channels', 'Alarm clock', 'Wardrobe or closet', 'Toilet paper', 'Carbon monoxide detector', 'Single-room AC for guest accommodation']",2025-11-02,2025-11-03,https://www.booking.com/hotel/us/best-western-plover.html?aid=304142&label=gen173nr-10CAEoggI46AdIM1gEaGyIAQGYATO4ARfIAQzYAQPoAQH4AQGIAgGoAgG4ArDI-sYGwAIB0gIkODhkOWY1YzgtMTk5OS00MzI4LTgxNGYtZDFiMjg0OTQ1Y2U52AIB4AIB&sid=b4a3f7b31a243b80f8ac20db0073a78a&checkin=2025-11-01&checkout=2025-11-05&dist=0&group_adults=2&group_children=0&hapos=1&hpos=1&no_rooms=1&req_adults=2&req_children=0&room1=A%2CA&sb_price_type=total&soh=1&sr_order=popularity&srepoch=1759421677&srpvid=8df8722f6fa0016b&type=total&ucfs=1&#no_availability_msg,
BOOKING_2,booking,Us,Queen Room with Two Queen Beds - Non-Smoking,queen beds,Queen,Normal,0.0,8820.0,1191.0,10011.0,"['1 room', 'Bathtub', 'Air conditioning', 'Private bathroom', 'Flat-screen TV', 'Free Wifi', 'Toilet', 'Towels', 'Linens', 'Socket near the bed', 'Desk', 'TV', 'Telephone', 'Heating', 'Hairdryer', 'Carpeted', 'Cable channels', 'Alarm clock', 'Wardrobe or closet', 'Toilet paper', 'Single-room AC for guest accommodation', 'Carbon monoxide detector']",2025-11-02,2025-11-03,https://www.booking.com/hotel/us/best-western-plover.html?aid=304142&label=gen173nr-10CAEoggI46AdIM1gEaGyIAQGYATO4ARfIAQzYAQPoAQH4AQGIAgGoAgG4ArDI-sYGwAIB0gIkODhkOWY1YzgtMTk5OS00MzI4LTgxNGYtZDFiMjg0OTQ1Y2U52AIB4AIB&sid=b4a3f7b31a243b80f8ac20db0073a78a&checkin=2025-11-01&checkout=2025-11-05&dist=0&group_adults=2&group_children=0&hapos=1&hpos=1&no_rooms=1&req_adults=2&req_children=0&room1=A%2CA&sb_price_type=total&soh=1&sr_order=popularity&srepoch=1759421677&srpvid=8df8722f6fa0016b&type=total&ucfs=1&#no_availability_msg,
BOOKING_2,booking,Us,Family King Suite with Sofa Bed - Non-Smoking,king bedand1 sofa bed,King,Suite,2.0,11025.0,1488.0,12513.0,"['Private suite', 'Bathtub', 'Air conditioning', 'Private bathroom', 'Flat-screen TV', 'Free Wifi', 'Toilet', 'Sofa', 'Towels', 'Linens', 'Socket near the bed', 'Desk', 'TV', 'Telephone', 'Heating', 'Hairdryer', 'Carpeted', 'Cable channels', 'Alarm clock', 'Wardrobe or closet', 'Toilet paper', 'Sofa bed', 'Carbon monoxide detector', 'Single-room AC for guest accommodation']",2025-11-02,2025-11-03,https://www.booking.com/hotel/us/best-western-plover.html?aid=304142&label=gen173nr-10CAEoggI46AdIM1gEaGyIAQGYATO4ARfIAQzYAQPoAQH4AQGIAgGoAgG4ArDI-sYGwAIB0gIkODhkOWY1YzgtMTk5OS00MzI4LTgxNGYtZDFiMjg0OTQ1Y2U52AIB4AIB&sid=b4a3f7b31a243b80f8ac20db0073a78a&checkin=2025-11-01&checkout=2025-11-05&dist=0&group_adults=2&group_children=0&hapos=1&hpos=1&no_rooms=1&req_adults=2&req_children=0&room1=A%2CA&sb_price_type=total&soh=1&sr_order=popularity&srepoch=1759421677&srpvid=8df8722f6fa0016b&type=total&ucfs=1&#no_availability_msg,
BOOKING_2,booking,Us,Family Queen Suite with Sofa Bed,queen beds,Queen,Suite,2.0,12348.0,1667.0,14015.0,"['Private suite', 'Bathtub', 'Air conditioning', 'Private bathroom', 'Flat-screen TV', 'Coffee machine', 'Free Wifi', 'Shower', 'Toilet', 'Towels', 'Linens', 'Socket near the bed', 'Desk', 'TV', 'Telephone', 'Tea/Coffee maker', 'Heating', 'Hairdryer', 'Carpeted', 'Cable channels', 'Alarm clock', 'Wardrobe or closet', 'Toilet paper', 'Carbon monoxide detector', 'Single-room AC for guest accommodation']",2025-11-02,2025-11-03,https://www.booking.com/hotel/us/best-western-plover.html?aid=304142&label=gen173nr-10CAEoggI46AdIM1gEaGyIAQGYATO4ARfIAQzYAQPoAQH4AQGIAgGoAgG4ArDI-sYGwAIB0gIkODhkOWY1YzgtMTk5OS00MzI4LTgxNGYtZDFiMjg0OTQ1Y2U52AIB4AIB&sid=b4a3f7b31a243b80f8ac20db0073a78a&checkin=2025-11-01&checkout=2025-11-05&dist=0&group_adults=2&group_children=0&hapos=1&hpos=1&no_rooms=1&req_adults=2&req_children=0&room1=A%2CA&sb_price_type=total&soh=1&sr_order=popularity&srepoch=1759421677&srpvid=8df8722f6fa0016b&type=total&ucfs=1&#no_availability_msg,
BOOKING_2,booking,Us,Two-Room Queen Suite,sofa bedand2 queen beds,Queen,Suite,2.0,12789.0,1727.0,14516.0,"['Private suite', 'Bathtub', 'Air conditioning', 'Private bathroom', 'Flat-screen TV', 'Coffee machine', 'Free Wifi', 'Shower', 'Toilet', 'Sofa', 'Towels', 'Linens', 'Socket near the bed', 'Desk', 'TV', 'Telephone', 'Tea/Coffee maker', 'Heating', 'Hairdryer', 'Carpeted', 'Cable channels', 'Alarm clock', 'Wardrobe or closet', 'Toilet paper', 'Sofa bed', 'Carbon monoxide detector', 'Single-room AC for guest accommodation']",2025-11-02,2025-11-03,https://www.booking.com/hotel/us/best-western-plover.html?aid=304142&label=gen173nr-10CAEoggI46AdIM1gEaGyIAQGYATO4ARfIAQzYAQPoAQH4AQGIAgGoAgG4ArDI-sYGwAIB0gIkODhkOWY1YzgtMTk5OS00MzI4LTgxNGYtZDFiMjg0OTQ1Y2U52AIB4AIB&sid=b4a3f7b31a243b80f8ac20db0073a78a&checkin=2025-11-01&checkout=2025-11-05&dist=0&group_adults=2&group_children=0&hapos=1&hpos=1&no_rooms=1&req_adults=2&req_children=0&room1=A%2CA&sb_price_type=total&soh=1&sr_order=popularity&srepoch=1759421677&srpvid=8df8722f6fa0016b&type=total&ucfs=1&#no_availability_msg,
BOOKING_2,booking,Us,Queen Suite with Sofa Bed,queen beds,Queen,Suite,1.0,11025.0,1488.0,12513.0,"['Private suite', 'Bathtub', 'Air conditioning', 'Private bathroom', 'Flat-screen TV', 'Free Wifi', 'Toilet', 'Towels', 'Linens', 'Socket near the bed', 'Desk', 'TV', 'Telephone', 'Heating', 'Hairdryer', 'Carpeted', 'Cable channels', 'Alarm clock', 'Wardrobe or closet', 'Toilet paper', 'Single-room AC for guest accommodation', 'Carbon monoxide detector']",2025-11-02,2025-11-03,https://www.booking.com/hotel/us/best-western-plover.html?aid=304142&label=gen173nr-10CAEoggI46AdIM1gEaGyIAQGYATO4ARfIAQzYAQPoAQH4AQGIAgGoAgG4ArDI-sYGwAIB0gIkODhkOWY1YzgtMTk5OS00MzI4LTgxNGYtZDFiMjg0OTQ1Y2U52AIB4AIB&sid=b4a3f7b31a243b80f8ac20db0073a78a&checkin=2025-11-01&checkout=2025-11-05&dist=0&group_adults=2&group_children=0&hapos=1&hpos=1&no_rooms=1&req_adults=2&req_children=0&room1=A%2CA&sb_price_type=total&soh=1&sr_order=popularity&srepoch=1759421677&srpvid=8df8722f6fa0016b&type=total&ucfs=1&#no_availability_msg,
BOOKING_2,booking,Us,King Suite with Spa Bath,king bed,King,Suite,3.0,9702.0,1310.0,11012.0,"['1 room', 'Bathtub', 'Air conditioning', 'Private bathroom', 'Flat-screen TV', 'Free Wifi', 'Toilet', 'Towels', 'Linens', 'Socket near the bed', 'Desk', 'TV', 'Telephone', 'Heating', 'Hairdryer', 'Extra long beds (> 2 metres)', 'Carpeted', 'Cable channels', 'Alarm clock', 'Wardrobe or closet', 'Toilet paper', 'Carbon monoxide detector', 'Single-room AC for guest accommodation']",2025-11-04,2025-11-05,https://www.booking.com/hotel/us/best-western-plover.html?aid=304142&label=gen173nr-10CAEoggI46AdIM1gEaGyIAQGYATO4ARfIAQzYAQPoAQH4AQGIAgGoAgG4ArDI-sYGwAIB0gIkODhkOWY1YzgtMTk5OS00MzI4LTgxNGYtZDFiMjg0OTQ1Y2U52AIB4AIB&sid=b4a3f7b31a243b80f8ac20db0073a78a&checkin=2025-11-01&checkout=2025-11-05&dist=0&group_adults=2&group_children=0&hapos=1&hpos=1&no_rooms=1&req_adults=2&req_children=0&room1=A%2CA&sb_price_type=total&soh=1&sr_order=popularity&srepoch=1759421677&srpvid=8df8722f6fa0016b&type=total&ucfs=1&#no_availability_msg,
BOOKING_2,booking,Us,King Room,king bed,King,Normal,0.0,7938.0,1072.0,9010.0,"['1 room', 'Air conditioning', 'Private bathroom', 'Flat-screen TV', 'Free Wifi', 'Toilet', 'Towels', 'Linens', 'Socket near the bed', 'Desk', 'TV', 'Telephone', 'Heating', 'Hairdryer', 'Carpeted', 'Cable channels', 'Alarm clock', 'Wardrobe or closet', 'Toilet paper', 'Carbon monoxide detector', 'Single-room AC for guest accommodation']",2025-11-04,2025-11-05,https://www.booking.com/hotel/us/best-western-plover.html?aid=304142&label=gen173nr-10CAEoggI46AdIM1gEaGyIAQGYATO4ARfIAQzYAQPoAQH4AQGIAgGoAgG4ArDI-sYGwAIB0gIkODhkOWY1YzgtMTk5OS00MzI4LTgxNGYtZDFiMjg0OTQ1Y2U52AIB4AIB&sid=b4a3f7b31a243b80f8ac20db0073a78a&checkin=2025-11-01&checkout=2025-11-05&dist=0&group_adults=2&group_children=0&hapos=1&hpos=1&no_rooms=1&req_adults=2&req_children=0&room1=A%2CA&sb_price_type=total&soh=1&sr_order=popularity&srepoch=1759421677&srpvid=8df8722f6fa0016b&type=total&ucfs=1&#no_availability_msg,
BOOKING_2,booking,Us,King Room with Roll-In Shower - Disability Access/Non-Smoking,king bed,King,Normal,2.0,7938.0,1072.0,9010.0,"['1 room', 'Air conditioning', 'Private bathroom', 'Flat-screen TV', 'Free Wifi', 'Toilet', 'Towels', 'Linens', 'Socket near the bed', 'Desk', 'TV', 'Telephone', 'Heating', 'Hairdryer', 'Extra long beds (> 2 metres)', 'Carpeted', 'Cable channels', 'Alarm clock', 'Wardrobe or closet', 'Toilet paper', 'Carbon monoxide detector', 'Single-room AC for guest accommodation']",2025-11-04,2025-11-05,https://www.booking.com/hotel/us/best-western-plover.html?aid=304142&label=gen173nr-10CAEoggI46AdIM1gEaGyIAQGYATO4ARfIAQzYAQPoAQH4AQGIAgGoAgG4ArDI-sYGwAIB0gIkODhkOWY1YzgtMTk5OS00MzI4LTgxNGYtZDFiMjg0OTQ1Y2U52AIB4AIB&sid=b4a3f7b31a243b80f8ac20db0073a78a&checkin=2025-11-01&checkout=2025-11-05&dist=0&group_adults=2&group_children=0&hapos=1&hpos=1&no_rooms=1&req_adults=2&req_children=0&room1=A%2CA&sb_price_type=total&soh=1&sr_order=popularity&srepoch=1759421677&srpvid=8df8722f6fa0016b&type=total&ucfs=1&#no_availability_msg,
BOOKING_2,booking,Us,Queen Room with Two Queen Beds - Non-Smoking,queen beds,Queen,Normal,0.0,8820.0,1191.0,10011.0,"['1 room', 'Bathtub', 'Air conditioning', 'Private bathroom', 'Flat-screen TV', 'Free Wifi', 'Toilet', 'Towels', 'Linens', 'Socket near the bed', 'Desk', 'TV', 'Telephone', 'Heating', 'Hairdryer', 'Carpeted', 'Cable channels', 'Alarm clock', 'Wardrobe or closet', 'Toilet paper', 'Carbon monoxide detector', 'Single-room AC for guest accommodation']",2025-11-04,2025-11-05,https://www.booking.com/hotel/us/best-western-plover.html?aid=304142&label=gen173nr-10CAEoggI46AdIM1gEaGyIAQGYATO4ARfIAQzYAQPoAQH4AQGIAgGoAgG4ArDI-sYGwAIB0gIkODhkOWY1YzgtMTk5OS00MzI4LTgxNGYtZDFiMjg0OTQ1Y2U52AIB4AIB&sid=b4a3f7b31a243b80f8ac20db0073a78a&checkin=2025-11-01&checkout=2025-11-05&dist=0&group_adults=2&group_children=0&hapos=1&hpos=1&no_rooms=1&req_adults=2&req_children=0&room1=A%2CA&sb_price_type=total&soh=1&sr_order=popularity&srepoch=1759421677&srpvid=8df8722f6fa0016b&type=total&ucfs=1&#no_availability_msg,
BOOKING_2,booking,Us,Family King Suite with Sofa Bed - Non-Smoking,king bedand1 sofa bed,King,Suite,2.0,11025.0,1488.0,12513.0,"['Private suite', 'Bathtub', 'Air conditioning', 'Private bathroom', 'Flat-screen TV', 'Free Wifi', 'Toilet', 'Sofa', 'Towels', 'Linens', 'Socket near the bed', 'Desk', 'TV', 'Telephone', 'Heating', 'Hairdryer', 'Carpeted', 'Cable channels', 'Alarm clock', 'Wardrobe or closet', 'Toilet paper', 'Sofa bed', 'Carbon monoxide detector', 'Single-room AC for guest accommodation']",2025-11-04,2025-11-05,https://www.booking.com/hotel/us/best-western-plover.html?aid=304142&label=gen173nr-10CAEoggI46AdIM1gEaGyIAQGYATO4ARfIAQzYAQPoAQH4AQGIAgGoAgG4ArDI-sYGwAIB0gIkODhkOWY1YzgtMTk5OS00MzI4LTgxNGYtZDFiMjg0OTQ1Y2U52AIB4AIB&sid=b4a3f7b31a243b80f8ac20db0073a78a&checkin=2025-11-01&checkout=2025-11-05&dist=0&group_adults=2&group_children=0&hapos=1&hpos=1&no_rooms=1&req_adults=2&req_children=0&room1=A%2CA&sb_price_type=total&soh=1&sr_order=popularity&srepoch=1759421677&srpvid=8df8722f6fa0016b&type=total&ucfs=1&#no_availability_msg,
BOOKING_2,booking,Us,Family Queen Suite with Sofa Bed,queen beds,Queen,Suite,2.0,12348.0,1667.0,14015.0,"['Private suite', 'Bathtub', 'Air conditioning', 'Private bathroom', 'Flat-screen TV', 'Coffee machine', 'Free Wifi', 'Shower', 'Toilet', 'Towels', 'Linens', 'Socket near the bed', 'Desk', 'TV', 'Telephone', 'Tea/Coffee maker', 'Heating', 'Hairdryer', 'Carpeted', 'Cable channels', 'Alarm clock', 'Wardrobe or closet', 'Toilet paper', 'Single-room AC for guest accommodation', 'Carbon monoxide detector']",2025-11-04,2025-11-05,https://www.booking.com/hotel/us/best-western-plover.html?aid=304142&label=gen173nr-10CAEoggI46AdIM1gEaGyIAQGYATO4ARfIAQzYAQPoAQH4AQGIAgGoAgG4ArDI-sYGwAIB0gIkODhkOWY1YzgtMTk5OS00MzI4LTgxNGYtZDFiMjg0OTQ1Y2U52AIB4AIB&sid=b4a3f7b31a243b80f8ac20db0073a78a&checkin=2025-11-01&checkout=2025-11-05&dist=0&group_adults=2&group_children=0&hapos=1&hpos=1&no_rooms=1&req_adults=2&req_children=0&room1=A%2CA&sb_price_type=total&soh=1&sr_order=popularity&srepoch=1759421677&srpvid=8df8722f6fa0016b&type=total&ucfs=1&#no_availability_msg,
BOOKING_2,booking,Us,Two-Room Queen Suite,sofa bedand2 queen beds,Queen,Suite,2.0,12789.0,1727.0,14516.0,"['Private suite', 'Bathtub', 'Air conditioning', 'Private bathroom', 'Flat-screen TV', 'Coffee machine', 'Free Wifi', 'Shower', 'Toilet', 'Sofa', 'Towels', 'Linens', 'Socket near the bed', 'Desk', 'TV', 'Telephone', 'Tea/Coffee maker', 'Heating', 'Hairdryer', 'Carpeted', 'Cable channels', 'Alarm clock', 'Wardrobe or closet', 'Toilet paper', 'Sofa bed', 'Single-room AC for guest accommodation', 'Carbon monoxide detector']",2025-11-04,2025-11-05,https://www.booking.com/hotel/us/best-western-plover.html?aid=304142&label=gen173nr-10CAEoggI46AdIM1gEaGyIAQGYATO4ARfIAQzYAQPoAQH4AQGIAgGoAgG4ArDI-sYGwAIB0gIkODhkOWY1YzgtMTk5OS00MzI4LTgxNGYtZDFiMjg0OTQ1Y2U52AIB4AIB&sid=b4a3f7b31a243b80f8ac20db0073a78a&checkin=2025-11-01&checkout=2025-11-05&dist=0&group_adults=2&group_children=0&hapos=1&hpos=1&no_rooms=1&req_adults=2&req_children=0&room1=A%2CA&sb_price_type=total&soh=1&sr_order=popularity&srepoch=1759421677&srpvid=8df8722f6fa0016b&type=total&ucfs=1&#no_availability_msg,
BOOKING_2,booking,Us,Queen Suite with Sofa Bed,queen beds,Queen,Suite,1.0,11025.0,1488.0,12513.0,"['Private suite', 'Bathtub', 'Air conditioning', 'Private bathroom', 'Flat-screen TV', 'Free Wifi', 'Toilet', 'Towels', 'Linens', 'Socket near the bed', 'Desk', 'TV', 'Telephone', 'Heating', 'Hairdryer', 'Carpeted', 'Cable channels', 'Alarm clock', 'Wardrobe or closet', 'Toilet paper', 'Single-room AC for guest accommodation', 'Carbon monoxide detector']",2025-11-04,2025-11-05,https://www.booking.com/hotel/us/best-western-plover.html?aid=304142&label=gen173nr-10CAEoggI46AdIM1gEaGyIAQGYATO4ARfIAQzYAQPoAQH4AQGIAgGoAgG4ArDI-sYGwAIB0gIkODhkOWY1YzgtMTk5OS00MzI4LTgxNGYtZDFiMjg0OTQ1Y2U52AIB4AIB&sid=b4a3f7b31a243b80f8ac20db0073a78a&checkin=2025-11-01&checkout=2025-11-05&dist=0&group_adults=2&group_children=0&hapos=1&hpos=1&no_rooms=1&req_adults=2&req_children=0&room1=A%2CA&sb_price_type=total&soh=1&sr_order=popularity&srepoch=1759421677&srpvid=8df8722f6fa0016b&type=total&ucfs=1&#no_availability_msg,
EXPEDIA_1,Expedia.com,Econo Lodge Inn & Suites,"Standard Room, 1 Queen Bed, Non Smoking",Queen Bed,Queen,Normal,,9487.0,1164.0,10651.0,"Free continental breakfast, Free self parking, Sleeps 2, 1 Queen Bed, Reserve now, pay later",2025-11-01,2025-11-02,,https://www.expedia.co.in/High-Level-Hotels-Econo-Lodge-Inn-Suites.h1353803.Hotel-Information?chkin=2025-11-01&chkout=2025-11-02&x_pwa=1&rfrr=HSR&useRewards=true&rm1=a2&selected=EXPEDIA_1&sort=RECOMMENDED&pwa_ts=1761815215677&top_cur=USD
EXPEDIA_1,Expedia.com,Econo Lodge Inn & Suites,"Standard Room, 2 Queen Beds, Non Smoking",Queen Beds,Queen,Normal,,10119.0,1242.0,11361.0,"Free continental breakfast, Free self parking, Sleeps 4, 2 Queen Beds, Reserve now, pay later",2025-11-01,2025-11-02,,https://www.expedia.co.in/High-Level-Hotels-Econo-Lodge-Inn-Suites.h1353803.Hotel-Information?chkin=2025-11-01&chkout=2025-11-02&x_pwa=1&rfrr=HSR&useRewards=true&rm1=a2&selected=EXPEDIA_1&sort=RECOMMENDED&pwa_ts=1761815215677&top_cur=USD
EXPEDIA_1,Expedia.com,Econo Lodge Inn & Suites,"Efficiency, Room, 1 Queen Bed, Non Smoking",Queen Bed,Queen,Normal,6.0,10752.0,1319.0,12071.0,"Free continental breakfast, Free self parking, Sleeps 2, 1 Queen Bed, Reserve now, pay later",2025-11-01,2025-11-02,,https://www.expedia.co.in/High-Level-Hotels-Econo-Lodge-Inn-Suites.h1353803.Hotel-Information?chkin=2025-11-01&chkout=2025-11-02&x_pwa=1&rfrr=HSR&useRewards=true&rm1=a2&selected=EXPEDIA_1&sort=RECOMMENDED&pwa_ts=1761815215677&top_cur=USD
EXPEDIA_1,Expedia.com,Econo Lodge Inn & Suites,"Suite, 1 Queen Bed, Non Smoking",Queen Bed,Queen,Suite,5.0,12017.0,1474.0,13491.0,"Free continental breakfast, Free self parking, Sleeps 2, 1 Queen Bed, Reserve now, pay later",2025-11-01,2025-11-02,,https://www.expedia.co.in/High-Level-Hotels-Econo-Lodge-Inn-Suites.h1353803.Hotel-Information?chkin=2025-11-01&chkout=2025-11-02&x_pwa=1&rfrr=HSR&useRewards=true&rm1=a2&selected=EXPEDIA_1&sort=RECOMMENDED&pwa_ts=1761815215677&top_cur=USD
EXPEDIA_1,Expedia.com,Econo Lodge Inn & Suites,"Standard Room, 1 Queen Bed, Non Smoking",Queen Bed,Queen,Normal,,9487.0,1164.0,10651.0,"Free continental breakfast, Free self parking, Sleeps 2, 1 Queen Bed, Reserve now, pay later",2025-11-02,2025-11-03,,https://www.expedia.co.in/High-Level-Hotels-Econo-Lodge-Inn-Suites.h1353803.Hotel-Information?chkin=2025-11-02&chkout=2025-11-03&x_pwa=1&rfrr=HSR&useRewards=true&rm1=a2&selected=EXPEDIA_1&sort=RECOMMENDED&pwa_ts=1761815261103&top_cur=USD
EXPEDIA_1,Expedia.com,Econo Lodge Inn & Suites,"Standard Room, 2 Queen Beds, Non Smoking",Queen Beds,Queen,Normal,,10119.0,1242.0,11361.0,"Free continental breakfast, Free self parking, Sleeps 4, 2 Queen Beds, Reserve now, pay later",2025-11-02,2025-11-03,,https://www.expedia.co.in/High-Level-Hotels-Econo-Lodge-Inn-Suites.h1353803.Hotel-Information?chkin=2025-11-02&chkout=2025-11-03&x_pwa=1&rfrr=HSR&useRewards=true&rm1=a2&selected=EXPEDIA_1&sort=RECOMMENDED&pwa_ts=1761815261103&top_cur=USD
EXPEDIA_1,Expedia.com,Econo Lodge Inn & Suites,"Efficiency, Room, 1 Queen Bed, Non Smoking",Queen Bed,Queen,Normal,6.0,10752.0,1319.0,12071.0,"Free continental breakfast, Free self parking, Sleeps 2, 1 Queen Bed, Reserve now, pay later",2025-11-02,2025-11-03,,https://www.expedia.co.in/High-Level-Hotels-Econo-Lodge-Inn-Suites.h1353803.Hotel-Information?chkin=2025-11-02&chkout=2025-11-03&x_pwa=1&rfrr=HSR&useRewards=true&rm1=a2&selected=EXPEDIA_1&sort=RECOMMENDED&pwa_ts=1761815261103&top_cur=USD
EXPEDIA_1,Expedia.com,Econo Lodge Inn & Suites,"Suite, 1 Queen Bed, Non Smoking",Queen Bed,Queen,Suite,5.0,12017.0,1474.0,13491.0,"Free continental breakfast, Free self parking, Sleeps 2, 1 Queen Bed, Reserve now, pay later",2025-11-02,2025-11-03,,https://www.expedia.co.in/High-Level-Hotels-Econo-Lodge-Inn-Suites.h1353803.Hotel-Information?chkin=2025-11-02&chkout=2025-11-03&x_pwa=1&rfrr=HSR&useRewards=true&rm1=a2&selected=EXPEDIA_1&sort=RECOMMENDED&pwa_ts=1761815261103&top_cur=USD
EXPEDIA_1,Expedia.com,Econo Lodge Inn & Suites,"Standard Room, 1 Queen Bed, Non Smoking",Queen Bed,Queen,Normal,,10119.0,1242.0,11361.0,"Free continental breakfast, Free self parking, Sleeps 2, 1 Queen Bed, Reserve now, pay later",2025-11-03,2025-11-04,,https://www.expedia.co.in/High-Level-Hotels-Econo-Lodge-Inn-Suites.h1353803.Hotel-Information?chkin=2025-11-03&chkout=2025-11-04&x_pwa=1&rfrr=HSR&useRewards=true&rm1=a2&selected=EXPEDIA_1&sort=RECOMMENDED&pwa_ts=1761815304990&top_cur=USD
EXPEDIA_1,Expedia.com,Econo Lodge Inn & Suites,"Standard Room, 2 Queen Beds, Non Smoking",Queen Beds,Queen,Normal,,10752.0,1319.0,12071.0,"Free continental breakfast, Free self parking, Sleeps 4, 2 Queen Beds, Reserve now, pay later",2025-11-03,2025-11-04,,https://www.expedia.co.in/High-Level-Hotels-Econo-Lodge-Inn-Suites.h1353803.Hotel-Information?chkin=2025-11-03&chkout=2025-11-04&x_pwa=1&rfrr=HSR&useRewards=true&rm1=a2&selected=EXPEDIA_1&sort=RECOMMENDED&pwa_ts=1761815304990&top_cur=USD
EXPEDIA_1,Expedia.com,Econo Lodge Inn & Suites,"Efficiency, Room, 1 Queen Bed, Non Smoking",Queen Bed,Queen,Normal,7.0,11384.0,1398.0,12782.0,"Free continental breakfast, Free self parking, Sleeps 2, 1 Queen Bed, Reserve now, pay later",2025-11-03,2025-11-04,,https://www.expedia.co.in/High-Level-Hotels-Econo-Lodge-Inn-Suites.h1353803.Hotel-Information?chkin=2025-11-03&chkout=2025-11-04&x_pwa=1&rfrr=HSR&useRewards=true&rm1=a2&selected=EXPEDIA_1&sort=RECOMMENDED&pwa_ts=1761815304990&top_cur=USD
EXPEDIA_1,Expedia.com,Econo Lodge Inn & Suites,"Suite, 1 Queen Bed, Non Smoking",Queen Bed,Queen,Suite,5.0,12649.0,1552.0,14201.0,"Free continental breakfast, Free self parking, Sleeps 2, 1 Queen Bed, Reserve now, pay later",2025-11-03,2025-11-04,,https://www.expedia.co.in/High-Level-Hotels-Econo-Lodge-Inn-Suites.h1353803.Hotel-Information?chkin=2025-11-03&chkout=2025-11-04&x_pwa=1&rfrr=HSR&useRewards=true&rm1=a2&selected=EXPEDIA_1&sort=RECOMMENDED&pwa_ts=1761815304990&top_cur=USD
EXPEDIA_1,Expedia.com,Econo Lodge Inn & Suites,"Standard Room, 1 Queen Bed, Non Smoking",Queen Bed,Queen,Normal,,10119.0,1242.0,11361.0,"Free continental breakfast, Free self parking, Sleeps 2, 1 Queen Bed, Reserve now, pay later",2025-11-04,2025-11-05,,https://www.expedia.co.in/High-Level-Hotels-Econo-Lodge-Inn-Suites.h1353803.Hotel-Information?chkin=2025-11-04&chkout=2025-11-05&x_pwa=1&rfrr=HSR&useRewards=true&rm1=a2&selected=EXPEDIA_1&sort=RECOMMENDED&pwa_ts=1761815346759&top_cur=USD
EXPEDIA_1,Expedia.com,Econo Lodge Inn & Suites,"Standard Room, 2 Queen Beds, Non Smoking",Queen Beds,Queen,Normal,,10752.0,1319.0,12071.0,"Free continental breakfast, Free self parking, Sleeps 4, 2 Queen Beds, Reserve now, pay later",2025-11-04,2025-11-05,,https://www.expedia.co.in/High-Level-Hotels-Econo-Lodge-Inn-Suites.h1353803.Hotel-Information?chkin=2025-11-04&chkout=2025-11-05&x_pwa=1&rfrr=HSR&useRewards=true&rm1=a2&selected=EXPEDIA_1&sort=RECOMMENDED&pwa_ts=1761815346759&top_cur=USD
EXPEDIA_1,Expedia.com,Econo Lodge Inn & Suites,"Efficiency, Room, 1 Queen Bed, Non Smoking",Queen Bed,Queen,Normal,7.0,11384.0,1398.0,12782.0,"Free continental breakfast, Free self parking, Sleeps 2, 1 Queen Bed, Reserve now, pay later",2025-11-04,2025-11-05,,https://www.expedia.co.in/High-Level-Hotels-Econo-Lodge-Inn-Suites.h1353803.Hotel-Information?chkin=2025-11-04&chkout=2025-11-05&x_pwa=1&rfrr=HSR&useRewards=true&rm1=a2&selected=EXPEDIA_1&sort=RECOMMENDED&pwa_ts=1761815346759&top_cur=USD
EXPEDIA_1,Expedia.com,Econo Lodge Inn & Suites,"Suite, 1 Queen Bed, Non Smoking",Queen Bed,Queen,Suite,5.0,12649.0,1552.0,14201.0,"Free continental breakfast, Free self parking, Sleeps 2, 1 Queen Bed, Reserve now, pay later",2025-11-04,2025-11-05,,https://www.expedia.co.in/High-Level-Hotels-Econo-Lodge-Inn-Suites.h1353803.Hotel-Information?chkin=2025-11-04&chkout=2025-11-05&x_pwa=1&rfrr=HSR&useRewards=true&rm1=a2&selected=EXPEDIA_1&sort=RECOMMENDED&pwa_ts=1761815346759&top_cur=USD
EXPEDIA_1,Expedia.com,Econo Lodge Inn & Suites,"Standard Room, 1 Queen Bed, Non Smoking",Queen Bed,Queen,Normal,,10119.0,1242.0,11361.0,"Free continental breakfast, Free self parking, Sleeps 2, 1 Queen Bed, Reserve now, pay later",2025-11-05,2025-11-06,,https://www.expedia.co.in/High-Level-Hotels-Econo-Lodge-Inn-Suites.h1353803.Hotel-Information?chkin=2025-11-05&chkout=2025-11-06&x_pwa=1&rfrr=HSR&useRewards=true&rm1=a2&selected=EXPEDIA_1&sort=RECOMMENDED&pwa_ts=1761815387436&top_cur=USD
EXPEDIA_1,Expedia.com,Econo Lodge Inn & Suites,"Standard Room, 2 Queen Beds, Non Smoking",Queen Beds,Queen,Normal,,10752.0,1319.0,12071.0,"Free continental breakfast, Free self parking, Sleeps 4, 2 Queen Beds, Reserve now, pay later",2025-11-05,2025-11-06,,https://www.expedia.co.in/High-Level-Hotels-Econo-Lodge-Inn-Suites.h1353803.Hotel-Information?chkin=2025-11-05&chkout=2025-11-06&x_pwa=1&rfrr=HSR&useRewards=true&rm1=a2&selected=EXPEDIA_1&sort=RECOMMENDED&pwa_ts=1761815387436&top_cur=USD
EXPEDIA_1,Expedia.com,Econo Lodge Inn & Suites,"Efficiency, Room, 1 Queen Bed, Non Smoking",Queen Bed,Queen,Normal,7.0,11384.0,1398.0,12782.0,"Free continental breakfast, Free self parking, Sleeps 2, 1 Queen Bed, Reserve now, pay later",2025-11-05,2025-11-06,,https://www.expedia.co.in/High-Level-Hotels-Econo-Lodge-Inn-Suites.h1353803.Hotel-Information?chkin=2025-11-05&chkout=2025-11-06&x_pwa=1&rfrr=HSR&useRewards=true&rm1=a2&selected=EXPEDIA_1&sort=RECOMMENDED&pwa_ts=1761815387436&top_cur=USD
EXPEDIA_1,Expedia.com,Econo Lodge Inn & Suites,"Suite, 1 Queen Bed, Non Smoking",Queen Bed,Queen,Suite,5.0,12649.0,1552.0,14201.0,"Free continental breakfast, Free self parking, Sleeps 2, 1 Queen Bed, Reserve now, pay later",2025-11-05,2025-11-06,,https://www.expedia.co.in/High-Level-Hotels-Econo-Lodge-Inn-Suites.h1353803.Hotel-Information?chkin=2025-11-05&chkout=2025-11-06&x_pwa=1&rfrr=HSR&useRewards=true&rm1=a2&selected=EXPEDIA_1&sort=RECOMMENDED&pwa_ts=1761815387436&top_cur=USD
EXPEDIA_2,Expedia.com,Best Western Windwood Inn & Suites,"Standard Room, 1 King Bed, Accessible, Non Smoking",King Bed,King,Normal,1.0,11378.0,1479.0,12857.0,"Free continental breakfast, Free self parking, 377 sq ft, Sleeps 2, 1 King Bed, Reserve now, pay later, High-speed internet access",2025-11-01,2025-11-02,,https://www.expedia.co.in/High-Level-Hotels-Americas-Best-Value-Inn-New-London.h1353804.Hotel-Information?chkin=2025-11-01&chkout=2025-11-02&x_pwa=1&rfrr=HSR&useRewards=true&rm1=a2&selected=EXPEDIA_2&sort=RECOMMENDED&pwa_ts=1761815430810&top_cur=USD
EXPEDIA_2,Expedia.com,Best Western Windwood Inn & Suites,"Standard Room, 1 King Bed, Non Smoking, Microwave",King Bed,King,Normal,8.0,11378.0,1479.0,12857.0,"Free continental breakfast, Free self parking, Sleeps 2, 1 King Bed, Reserve now, pay later, High-speed internet access",2025-11-01,2025-11-02,,https://www.expedia.co.in/High-Level-Hotels-Americas-Best-Value-Inn-New-London.h1353804.Hotel-Information?chkin=2025-11-01&chkout=2025-11-02&x_pwa=1&rfrr=HSR&useRewards=true&rm1=a2&selected=EXPEDIA_2&sort=RECOMMENDED&pwa_ts=1761815430810&top_cur=USD
EXPEDIA_2,Expedia.com,Best Western Windwood Inn & Suites,"Standard Room, 2 Queen Beds, Accessible, Non Smoking",Queen Beds,Queen,Normal,1.0,12260.0,1594.0,13854.0,"Free continental breakfast, Free self parking, 377 sq ft, Sleeps 4, 2 Queen Beds, Reserve now, pay later, High-speed internet access",2025-11-01,2025-11-02,,https://www.expedia.co.in/High-Level-Hotels-Americas-Best-Value-Inn-New-London.h1353804.Hotel-Information?chkin=2025-11-01&chkout=2025-11-02&x_pwa=1&rfrr=HSR&useRewards=true&rm1=a2&selected=EXPEDIA_2&sort=RECOMMENDED&pwa_ts=1761815430810&top_cur=USD
EXPEDIA_2,Expedia.com,Best Western Windwood Inn & Suites,"Standard Room, 2 Queen Beds, Non Smoking, Microwave",Queen Beds,Queen,Normal,,12260.0,1594.0,13854.0,"Free continental breakfast, Free self parking, Sleeps 4, 2 Queen Beds, Reserve now, pay later, High-speed internet access",2025-11-01,2025-11-02,,https://www.expedia.co.in/High-Level-Hotels-Americas-Best-Value-Inn-New-London.h1353804.Hotel-Information?chkin=2025-11-01&chkout=2025-11-02&x_pwa=1&rfrr=HSR&useRewards=true&rm1=a2&selected=EXPEDIA_2&sort=RECOMMENDED&pwa_ts=1761815430810&top_cur=USD
EXPEDIA_2,Expedia.com,Best Western Windwood Inn & Suites,"Standard Room, 1 King Bed, Non Smoking, Refrigerator & Microwave (with Sofabed;Oversized Room)",King Bed,King,Normal,1.0,12260.0,1594.0,13854.0,"Free continental breakfast, Free self parking, Sleeps 3, 1 King Bed, Reserve now, pay later, High-speed internet access",2025-11-01,2025-11-02,,https://www.expedia.co.in/High-Level-Hotels-Americas-Best-Value-Inn-New-London.h1353804.Hotel-Information?chkin=2025-11-01&chkout=2025-11-02&x_pwa=1&rfrr=HSR&useRewards=true&rm1=a2&selected=EXPEDIA_2&sort=RECOMMENDED&pwa_ts=1761815430810&top_cur=USD
EXPEDIA_2,Expedia.com,Best Western Windwood Inn & Suites,"Standard Room, 2 Double Beds, Non Smoking, Refrigerator & Microwave (with Sofabed;Oversized Room)",Double Beds,Double,Normal,3.0,13142.0,1709.0,14851.0,"Free continental breakfast, Free self parking, Sleeps 5, 2 Double Beds, Reserve now, pay later, High-speed internet access",2025-11-01,2025-11-02,,https://www.expedia.co.in/High-Level-Hotels-Americas-Best-Value-Inn-New-London.h1353804.Hotel-Information?chkin=2025-11-01&chkout=2025-11-02&x_pwa=1&rfrr=HSR&useRewards=true&rm1=a2&selected=EXPEDIA_2&sort=RECOMMENDED&pwa_ts=1761815430810&top_cur=USD
EXPEDIA_2,Expedia.com,Best Western Windwood Inn & Suites,"Standard Room, 1 King Bed, Accessible, Non Smoking",King Bed,King,Normal,1.0,11378.0,1479.0,12857.0,"Free continental breakfast, Free self parking, 377 sq ft, Sleeps 2, 1 King Bed, Reserve now, pay later, High-speed internet access",2025-11-02,2025-11-03,,https://www.expedia.co.in/High-Level-Hotels-Americas-Best-Value-Inn-New-London.h1353804.Hotel-Information?chkin=2025-11-02&chkout=2025-11-03&x_pwa=1&rfrr=HSR&useRewards=true&rm1=a2&selected=EXPEDIA_2&sort=RECOMMENDED&pwa_ts=1761815477643&top_cur=USD
EXPEDIA_2,Expedia.com,Best Western Windwood Inn & Suites,"Standard Room, 1 King Bed, Non Smoking, Microwave",King Bed,King,Normal,,11378.0,1479.0,12857.0,"Free continental breakfast, Free self parking, Sleeps 2, 1 King Bed, Reserve now, pay later, High-speed internet access",2025-11-02,2025-11-03,,https://www.expedia.co.in/High-Level-Hotels-Americas-Best-Value-Inn-New-London.h1353804.Hotel-Information?chkin=2025-11-02&chkout=2025-11-03&x_pwa=1&rfrr=HSR&useRewards=true&rm1=a2&selected=EXPEDIA_2&sort=RECOMMENDED&pwa_ts=1761815477643&top_cur=USD
EXPEDIA_2,Expedia.com,Best Western Windwood Inn & Suites,"Standard Room, 2 Queen Beds, Accessible, Non Smoking",Queen Beds,Queen,Normal,1.0,12260.0,1594.0,13854.0,"Free continental breakfast, Free self parking, 377 sq ft, Sleeps 4, 2 Queen Beds, Reserve now, pay later, High-speed internet access",2025-11-02,2025-11-03,,https://www.expedia.co.in/High-Level-Hotels-Americas-Best-Value-Inn-New-London.h1353804.Hotel-Information?chkin=2025-11-02&chkout=2025-11-03&x_pwa=1&rfrr=HSR&useRewards=true&rm1=a2&selected=EXPEDIA_2&sort=RECOMMENDED&pwa_ts=1761815477643&top_cur=USD
EXPEDIA_2,Expedia.com,Best Western Windwood Inn & Suites,"Standard Room, 2 Queen Beds, Non Smoking, Microwave",Queen Beds,Queen,Normal,,12260.0,1594.0,13854.0,"Free continental breakfast, Free self parking, Sleeps 4, 2 Queen Beds, Reserve now, pay later, High-speed internet access",2025-11-02,2025-11-03,,https://www.expedia.co.in/High-Level-Hotels-Americas-Best-Value-Inn-New-London.h1353804.Hotel-Information?chkin=2025-11-02&chkout=2025-11-03&x_pwa=1&rfrr=HSR&useRewards=true&rm1=a2&selected=EXPEDIA_2&sort=RECOMMENDED&pwa_ts=1761815477643&top_cur=USD
EXPEDIA_2,Expedia.com,Best Western Windwood Inn & Suites,"Standard Room, 1 King Bed, Non Smoking, Refrigerator & Microwave (with Sofabed;Oversized Room)",King Bed,King,Normal,1.0,12260.0,1594.0,13854.0,"Free continental breakfast, Free self parking, Sleeps 3, 1 King Bed, Reserve now, pay later, High-speed internet access",2025-11-02,2025-11-03,,https://www.expedia.co.in/High-Level-Hotels-Americas-Best-Value-Inn-New-London.h1353804.Hotel-Information?chkin=2025-11-02&chkout=2025-11-03&x_pwa=1&rfrr=HSR&useRewards=true&rm1=a2&selected=EXPEDIA_2&sort=RECOMMENDED&pwa_ts=1761815477643&top_cur=USD
EXPEDIA_2,Expedia.com,Best Western Windwood Inn & Suites,"Standard Room, 2 Double Beds, Non Smoking, Refrigerator & Microwave (with Sofabed;Oversized Room)",Double Beds,Double,Normal,4.0,13142.0,1709.0,14851.0,"Free continental breakfast, Free self parking, Sleeps 5, 2 Double Beds, Reserve now, pay later, High-speed internet access",2025-11-02,2025-11-03,,https://www.expedia.co.in/High-Level-Hotels-Americas-Best-Value-Inn-New-London.h1353804.Hotel-Information?chkin=2025-11-02&chkout=2025-11-03&x_pwa=1&rfrr=HSR&useRewards=true&rm1=a2&selected=EXPEDIA_2&sort=RECOMMENDED&pwa_ts=1761815477643&top_cur=USD
EXPEDIA_2,Expedia.com,Best Western Windwood Inn & Suites,"Standard Room, 1 King Bed, Accessible, Non Smoking",King Bed,King,Normal,1.0,11378.0,1479.0,12857.0,"Free continental breakfast, Free self parking, 377 sq ft, Sleeps 2, 1 King Bed, Reserve now, pay later, High-speed internet access",2025-11-03,2025-11-04,,https://www.expedia.co.in/High-Level-Hotels-Americas-Best-Value-Inn-New-London.h1353804.Hotel-Information?chkin=2025-11-03&chkout=2025-11-04&x_pwa=1&rfrr=HSR&useRewards=true&rm1=a2&selected=EXPEDIA_2&sort=RECOMMENDED&pwa_ts=1761815520096&top_cur=USD
EXPEDIA_2,Expedia.com,Best Western Windwood Inn & Suites,"Standard Room, 1 King Bed, Non Smoking, Microwave",King Bed,King,Normal,,11378.0,1479.0,12857.0,"Free continental breakfast, Free self parking, Sleeps 2, 1 King Bed, Reserve now, pay later, High-speed internet access",2025-11-03,2025-11-04,,https://www.expedia.co.in/High-Level-Hotels-Americas-Best-Value-Inn-New-London.h1353804.Hotel-Information?chkin=2025-11-03&chkout=2025-11-04&x_pwa=1&rfrr=HSR&useRewards=true&rm1=a2&selected=EXPEDIA_2&sort=RECOMMENDED&pwa_ts=1761815520096&top_cur=USD
EXPEDIA_2,Expedia.com,Best Western Windwood Inn & Suites,"Standard Room, 2 Queen Beds, Accessible, Non Smoking",Queen Beds,Queen,Normal,1.0,12260.0,1594.0,13854.0,"Free continental breakfast, Free self parking, 377 sq ft, Sleeps 4, 2 Queen Beds, Reserve now, pay later, High-speed internet access",2025-11-03,2025-11-04,,https://www.expedia.co.in/High-Level-Hotels-Americas-Best-Value-Inn-New-London.h1353804.Hotel-Information?chkin=2025-11-03&chkout=2025-11-04&x_pwa=1&rfrr=HSR&useRewards=true&rm1=a2&selected=EXPEDIA_2&sort=RECOMMENDED&pwa_ts=1761815520096&top_cur=USD
EXPEDIA_2,Expedia.com,Best Western Windwood Inn & Suites,"Standard Room, 2 Queen Beds, Non Smoking, Microwave",Queen Beds,Queen,Normal,,12260.0,1594.0,13854.0,"Free continental breakfast, Free self parking, Sleeps 4, 2 Queen Beds, Reserve now, pay later, High-speed internet access",2025-11-03,2025-11-04,,https://www.expedia.co.in/High-Level-Hotels-Americas-Best-Value-Inn-New-London.h1353804.Hotel-Information?chkin=2025-11-03&chkout=2025-11-04&x_pwa=1&rfrr=HSR&useRewards=true&rm1=a2&selected=EXPEDIA_2&sort=RECOMMENDED&pwa_ts=1761815520096&top_cur=USD
EXPEDIA_2,Expedia.com,Best Western Windwood Inn & Suites,"Standard Room, 1 King Bed, Non Smoking, Refrigerator & Microwave (with Sofabed;Oversized Room)",King Bed,King,Normal,2.0,12260.0,1594.0,13854.0,"Free continental breakfast, Free self parking, Sleeps 3, 1 King Bed, Reserve now, pay later, High-speed internet access",2025-11-03,2025-11-04,,https://www.expedia.co.in/High-Level-Hotels-Americas-Best-Value-Inn-New-London.h1353804.Hotel-Information?chkin=2025-11-03&chkout=2025-11-04&x_pwa=1&rfrr=HSR&useRewards=true&rm1=a2&selected=EXPEDIA_2&sort=RECOMMENDED&pwa_ts=1761815520096&top_cur=USD
EXPEDIA_2,Expedia.com,Best Western Windwood Inn & Suites,"Standard Room, 2 Double Beds, Non Smoking, Refrigerator & Microwave (with Sofabed;Oversized Room)",Double Beds,Double,Normal,4.0,13142.0,1709.0,14851.0,"Free continental breakfast, Free self parking, Sleeps 5, 2 Double Beds, Reserve now, pay later, High-speed internet access",2025-11-03,2025-11-04,,https://www.expedia.co.in/High-Level-Hotels-Americas-Best-Value-Inn-New-London.h1353804.Hotel-Information?chkin=2025-11-03&chkout=2025-11-04&x_pwa=1&rfrr=HSR&useRewards=true&rm1=a2&selected=EXPEDIA_2&sort=RECOMMENDED&pwa_ts=1761815520096&top_cur=USD
EXPEDIA_2,Expedia.com,Best Western Windwood Inn & Suites,"Standard Room, 1 King Bed, Accessible, Non Smoking",King Bed,King,Normal,1.0,11378.0,1479.0,12857.0,"Free continental breakfast, Free self parking, 377 sq ft, Sleeps 2, 1 King Bed, Reserve now, pay later, High-speed internet access",2025-11-04,2025-11-05,,https://www.expedia.co.in/High-Level-Hotels-Americas-Best-Value-Inn-New-London.h1353804.Hotel-Information?chkin=2025-11-04&chkout=2025-11-05&x_pwa=1&rfrr=HSR&useRewards=true&rm1=a2&selected=EXPEDIA_2&sort=RECOMMENDED&pwa_ts=1761815565330&top_cur=USD
EXPEDIA_2,Expedia.com,Best Western Windwood Inn & Suites,"Standard Room, 1 King Bed, Non Smoking, Microwave",King Bed,King,Normal,,11378.0,1479.0,12857.0,"Free continental breakfast, Free self parking, Sleeps 2, 1 King Bed, Reserve now, pay later, High-speed internet access",2025-11-04,2025-11-05,,https://www.expedia.co.in/High-Level-Hotels-Americas-Best-Value-Inn-New-London.h1353804.Hotel-Information?chkin=2025-11-04&chkout=2025-11-05&x_pwa=1&rfrr=HSR&useRewards=true&rm1=a2&selected=EXPEDIA_2&sort=RECOMMENDED&pwa_ts=1761815565330&top_cur=USD
EXPEDIA_2,Expedia.com,Best Western Windwood Inn & Suites,"Standard Room, 2 Queen Beds, Accessible, Non Smoking",Queen Beds,Queen,Normal,1.0,12260.0,1594.0,13854.0,"Free continental breakfast, Free self parking, 377 sq ft, Sleeps 4, 2 Queen Beds, Reserve now, pay later, High-speed internet access",2025-11-04,2025-11-05,,https://www.expedia.co.in/High-Level-Hotels-Americas-Best-Value-Inn-New-London.h1353804.Hotel-Information?chkin=2025-11-04&chkout=2025-11-05&x_pwa=1&rfrr=HSR&useRewards=true&rm1=a2&selected=EXPEDIA_2&sort=RECOMMENDED&pwa_ts=1761815565330&top_cur=USD
EXPEDIA_2,Expedia.com,Best Western Windwood Inn & Suites,"Standard Room, 2 Queen Beds, Non Smoking, Microwave",Queen Beds,Queen,Normal,,12260.0,1594.0,13854.0,"Free continental breakfast, Free self parking, Sleeps 4, 2 Queen Beds, Reserve now, pay later, High-speed internet access",2025-11-04,2025-11-05,,https://www.expedia.co.in/High-Level-Hotels-Americas-Best-Value-Inn-New-London.h1353804.Hotel-Information?chkin=2025-11-04&chkout=2025-11-05&x_pwa=1&rfrr=HSR&useRewards=true&rm1=a2&selected=EXPEDIA_2&sort=RECOMMENDED&pwa_ts=1761815565330&top_cur=USD
EXPEDIA_2,Expedia.com,Best Western Windwood Inn & Suites,"Standard Room, 1 King Bed, Non Smoking, Refrigerator & Microwave (with Sofabed;Oversized Room)",King Bed,King,Normal,2.0,12260.0,1594.0,13854.0,"Free continental breakfast, Free self parking, Sleeps 3, 1 King Bed, Reserve now, pay later, High-speed internet access",2025-11-04,2025-11-05,,https://www.expedia.co.in/High-Level-Hotels-Americas-Best-Value-Inn-New-London.h1353804.Hotel-Information?chkin=2025-11-04&chkout=2025-11-05&x_pwa=1&rfrr=HSR&useRewards=true&rm1=a2&selected=EXPEDIA_2&sort=RECOMMENDED&pwa_ts=1761815565330&top_cur=USD
EXPEDIA_2,Expedia.com,Best Western Windwood Inn & Suites,"Standard Room, 2 Double Beds, Non Smoking, Refrigerator & Microwave (with Sofabed;Oversized Room)",Double Beds,Double,Normal,4.0,13142.0,1709.0,14851.0,"Free continental breakfast, Free self parking, Sleeps 5, 2 Double Beds, Reserve now, pay later, High-speed internet access",2025-11-04,2025-11-05,,https://www.expedia.co.in/High-Level-Hotels-Americas-Best-Value-Inn-New-London.h1353804.Hotel-Information?chkin=2025-11-04&chkout=2025-11-05&x_pwa=1&rfrr=HSR&useRewards=true&rm1=a2&selected=EXPEDIA_2&sort=RECOMMENDED&pwa_ts=1761815565330&top_cur=USD
EXPEDIA_2,Expedia.com,Best Western Windwood Inn & Suites,"Standard Room, 1 King Bed, Accessible, Non Smoking",King Bed,King,Normal,1.0,11378.0,1479.0,12857.0,"Free continental breakfast, Free self parking, 377 sq ft, Sleeps 2, 1 King Bed, Reserve now, pay later, High-speed internet access",2025-11-05,2025-11-06,,https://www.expedia.co.in/High-Level-Hotels-Americas-Best-Value-Inn-New-London.h1353804.Hotel-Information?chkin=2025-11-05&chkout=2025-11-06&x_pwa=1&rfrr=HSR&useRewards=true&rm1=a2&selected=EXPEDIA_2&sort=RECOMMENDED&pwa_ts=1761815608157&top_cur=USD
EXPEDIA_2,Expedia.com,Best Western Windwood Inn & Suites,"Standard Room, 1 King Bed, Non Smoking, Microwave",King Bed,King,Normal,,11378.0,1479.0,12857.0,"Free continental breakfast, Free self parking, Sleeps 2, 1 King Bed, Reserve now, pay later, High-speed internet access",2025-11-05,2025-11-06,,https://www.expedia.co.in/High-Level-Hotels-Americas-Best-Value-Inn-New-London.h1353804.Hotel-Information?chkin=2025-11-05&chkout=2025-11-06&x_pwa=1&rfrr=HSR&useRewards=true&rm1=a2&selected=EXPEDIA_2&sort=RECOMMENDED&pwa_ts=1761815608157&top_cur=USD
EXPEDIA_2,Expedia.com,Best Western Windwood Inn & Suites,"Standard Room, 2 Queen Beds, Accessible, Non Smoking",Queen Beds,Queen,Normal,1.0,12260.0,1594.0,13854.0,"Free continental breakfast, Free self parking, 377 sq ft, Sleeps 4, 2 Queen Beds, Reserve now, pay later, High-speed internet access",2025-11-05,2025-11-06,,https://www.expedia.co.in/High-Level-Hotels-Americas-Best-Value-Inn-New-London.h1353804.Hotel-Information?chkin=2025-11-05&chkout=2025-11-06&x_pwa=1&rfrr=HSR&useRewards=true&rm1=a2&selected=EXPEDIA_2&sort=RECOMMENDED&pwa_ts=1761815608157&top_cur=USD
EXPEDIA_2,Expedia.com,Best Western Windwood Inn & Suites,"Standard Room, 2 Queen Beds, Non Smoking, Microwave",Queen Beds,Queen,Normal,,12260.0,1594.0,13854.0,"Free continental breakfast, Free self parking, Sleeps 4, 2 Queen Beds, Reserve now, pay later, High-speed internet access",2025-11-05,2025-11-06,,https://www.expedia.co.in/High-Level-Hotels-Americas-Best-Value-Inn-New-London.h1353804.Hotel-Information?chkin=2025-11-05&chkout=2025-11-06&x_pwa=1&rfrr=HSR&useRewards=true&rm1=a2&selected=EXPEDIA_2&sort=RECOMMENDED&pwa_ts=1761815608157&top_cur=USD
EXPEDIA_2,Expedia.com,Best Western Windwood Inn & Suites,"Standard Room, 1 King Bed, Non Smoking, Refrigerator & Microwave (with Sofabed;Oversized Room)",King Bed,King,Normal,2.0,12260.0,1594.0,13854.0,"Free continental breakfast, Free self parking, Sleeps 3, 1 King Bed, Reserve now, pay later, High-speed internet access",2025-11-05,2025-11-06,,https://www.expedia.co.in/High-Level-Hotels-Americas-Best-Value-Inn-New-London.h1353804.Hotel-Information?chkin=2025-11-05&chkout=2025-11-06&x_pwa=1&rfrr=HSR&useRewards=true&rm1=a2&selected=EXPEDIA_2&sort=RECOMMENDED&pwa_ts=1761815608157&top_cur=USD
EXPEDIA_2,Expedia.com,Best Western Windwood Inn & Suites,"Standard Room, 2 Double Beds, Non Smoking, Refrigerator & Microwave (with Sofabed;Oversized Room)",Double Beds,Double,Normal,6.0,13142.0,1709.0,14851.0,"Free continental breakfast, Free self parking, Sleeps 5, 2 Double Beds, Reserve now, pay later, High-speed internet access",2025-11-05,2025-11-06,,https://www.expedia.co.in/High-Level-Hotels-Americas-Best-Value-Inn-New-London.h1353804.Hotel-Information?chkin=2025-11-05&chkout=2025-11-06&x_pwa=1&rfrr=HSR&useRewards=true&rm1=a2&selected=EXPEDIA_2&sort=RECOMMENDED&pwa_ts=1761815608157&top_cur=USD
