checkin_date,grand-season-inn-waupaca_price,grand-season-inn-waupaca_inventory,quality-inn-new-london-wisconsin_price,quality-inn-new-london-wisconsin_inventory,motel-6-wisconsin-rapids_price,motel-6-wisconsin-rapids_inventory,valley-inn-neenah_price,valley-inn-neenah_inventory,elizabeth-inn-and-convention-center_price,elizabeth-inn-and-convention-center_inventory
2026-01-01,67.2,2.0,73.1,2.0,69.98,1.0,63.3,2.0,61.0,2.0
2026-01-02,100.79,2.0,88.19,2.0,69.98,1.0,58.65,2.0,80.58,2.0
2026-01-03,100.79,2.0,89.46,2.0,69.98,1.0,51.68,2.0,80.58,2.0
2026-01-04,67.2,2.0,71.53,2.0,69.98,1.0,64.37,2.0,69.23,2.0
2026-01-05,76.27,2.0,80.22,2.0,69.98,1.0,54.0,2.0,69.23,2.0
2026-01-06,76.27,2.0,79.8,2.0,69.98,1.0,46.41,2.0,69.23,2.0
2026-01-07,67.2,2.0,79.14,2.0,69.98,1.0,53.37,2.0,61.0,2.0
2026-01-08,76.27,2.0,79.28,2.0,69.98,1.0,54.0,2.0,61.0,2.0
2026-01-09,91.71,2.0,97.91,2.0,69.98,1.0,51.0,2.0,80.58,2.0
2026-01-10,83.2,2.0,89.17,2.0,79.43,1.0,59.34,2.0,80.58,2.0
2026-01-11,67.2,2.0,71.53,2.0,79.43,1.0,47.13,2.0,69.23,2.0
2026-01-12,76.27,2.0,72.12,2.0,79.43,1.0,54.0,2.0,69.23,2.0
2026-01-13,67.2,2.0,79.8,2.0,69.98,1.0,46.41,2.0,61.0,2.0
2026-01-14,76.27,2.0,70.93,2.0,79.43,1.0,53.42,2.0,61.0,2.0
2026-01-15,67.2,2.0,71.1,2.0,79.43,1.0,54.0,2.0,61.0,2.0
2026-01-16,88.8,2.0,98.33,2.0,79.43,1.0,58.65,2.0,71.0,2.0
2026-01-17,100.79,2.0,89.46,2.0,69.98,1.0,59.43,2.0,55.16,2.0
2026-01-18,76.27,2.0,71.53,2.0,79.43,1.0,47.09,2.0,61.0,2.0
2026-01-19,76.27,2.0,72.0,2.0,69.98,1.0,47.09,2.0,61.0,2.0
2026-01-20,67.2,2.0,71.57,2.0,79.43,1.0,46.41,2.0,61.0,2.0
2026-01-22,67.2,2.0,71.1,2.0,79.43,1.0,47.05,2.0,69.23,2.0
2026-01-23,100.79,2.0,88.19,2.0,79.43,1.0,58.65,2.0,80.58,2.0
2026-01-25,67.2,2.0,71.53,2.0,69.98,1.0,54.3,2.0,61.0,2.0
2026-01-26,76.27,2.0,80.22,2.0,69.98,1.0,46.54,2.0,69.23,2.0
2026-01-27,76.27,2.0,79.8,2.0,79.43,1.0,46.41,2.0,61.0,2.0
2026-01-29,76.27,2.0,71.1,2.0,69.98,1.0,54.11,2.0,61.0,2.0
2026-01-30,88.8,2.0,88.19,2.0,79.43,1.0,58.65,2.0,80.58,2.0
2026-01-31,88.8,2.0,99.8,2.0,69.98,1.0,59.39,2.0,71.0,2.0
2026-02-01,76.27,2.0,71.75,2.0,69.98,1.0,42.97,2.0,57.88,4.0
2026-02-02,67.2,2.0,64.77,2.0,79.43,1.0,49.37,2.0,57.88,4.0
2026-02-03,76.27,2.0,64.56,2.0,69.98,1.0,49.27,2.0,57.88,4.0
2026-02-04,67.2,2.0,63.96,2.0,79.43,1.0,42.88,2.0,51.0,4.0
2026-02-05,76.27,2.0,71.46,2.0,79.43,1.0,49.27,2.0,57.88,4.0
2026-02-06,101.7,2.0,82.37,2.0,79.43,1.0,58.65,2.0,57.6,4.0
2026-02-07,89.6,2.0,83.68,2.0,79.43,1.0,58.65,2.0,57.6,4.0
2026-02-08,76.27,2.0,64.35,2.0,79.43,1.0,49.31,2.0,68.1,2.0
2026-02-09,76.27,2.0,72.17,2.0,79.43,1.0,49.37,2.0,68.1,2.0
2026-02-10,67.2,2.0,64.56,2.0,69.98,1.0,42.84,2.0,60.0,2.0
2026-02-11,76.27,2.0,71.32,2.0,79.43,1.0,42.84,2.0,68.1,2.0
2026-02-12,76.27,2.0,71.46,2.0,69.98,1.0,49.27,2.0,60.0,2.0
2026-02-13,89.6,2.0,82.37,2.0,79.43,1.0,51.0,2.0,80.58,2.0
2026-02-14,101.7,2.0,93.3,2.0,69.98,1.0,58.65,2.0,71.0,2.0
2026-02-15,76.27,2.0,71.75,2.0,69.98,1.0,42.93,2.0,68.1,2.0
2026-02-16,76.27,2.0,64.94,2.0,79.43,1.0,42.84,2.0,68.1,2.0
2026-02-17,67.2,2.0,64.56,2.0,79.43,1.0,49.27,2.0,60.0,2.0
2026-02-18,76.27,2.0,71.32,2.0,79.43,1.0,49.27,2.0,60.0,2.0
2026-02-20,89.6,2.0,91.84,2.0,79.43,1.0,51.0,2.0,80.58,2.0
2026-02-21,101.7,2.0,83.68,2.0,79.43,1.0,58.65,2.0,80.58,2.0
2026-02-22,67.2,2.0,71.75,2.0,79.43,1.0,42.93,2.0,68.1,2.0
2026-02-23,76.27,2.0,72.41,2.0,79.43,1.0,49.27,2.0,68.1,2.0
2026-02-24,76.27,2.0,71.98,2.0,69.98,1.0,49.27,2.0,60.0,2.0
2026-02-25,67.2,2.0,63.96,2.0,69.98,1.0,49.27,2.0,68.1,2.0
2026-02-26,76.27,2.0,71.46,2.0,79.43,1.0,42.84,2.0,60.0,2.0
2026-02-27,101.7,2.0,82.37,2.0,79.43,1.0,51.0,2.0,80.58,2.0
2026-02-28,101.7,2.0,83.68,2.0,69.98,1.0,58.65,2.0,80.58,2.0
2026-03-01,67.2,2.0,65.37,2.0,85.1,1.0,58.65,2.0,68.1,2.0
2026-03-02,67.2,2.0,65.92,2.0,85.1,1.0,58.65,2.0,63.0,2.0
2026-03-03,76.27,2.0,65.54,2.0,85.1,1.0,51.0,2.0,71.5,2.0
2026-03-04,76.27,2.0,72.41,2.0,85.1,1.0,58.65,2.0,63.0,2.0
2026-03-05,67.2,2.0,65.07,2.0,85.1,1.0,58.65,2.0,63.0,2.0
2026-03-07,86.4,2.0,87.3,2.0,85.1,1.0,68.42,2.0,93.07,2.0
2026-03-08,67.2,2.0,72.89,2.0,74.98,1.0,58.65,2.0,63.0,2.0
2026-03-09,67.2,2.0,65.92,2.0,74.98,1.0,58.65,2.0,63.0,2.0
2026-03-10,67.2,2.0,65.54,2.0,85.1,1.0,58.65,2.0,63.0,2.0
2026-03-11,76.27,2.0,72.41,2.0,74.98,1.0,58.65,2.0,63.0,2.0
2026-03-12,67.2,2.0,65.07,2.0,74.98,1.0,51.0,2.0,63.0,2.0
2026-03-13,86.4,2.0,95.87,2.0,74.98,1.0,68.42,2.0,81.0,2.0
2026-03-14,98.06,2.0,97.34,2.0,85.1,1.0,68.42,2.0,91.94,2.0
2026-03-15,67.2,2.0,72.89,2.0,85.1,1.0,51.0,2.0,63.0,2.0
2026-03-16,67.2,2.0,73.5,2.0,85.1,1.0,58.65,2.0,63.0,2.0
2026-03-18,76.27,2.0,64.94,2.0,85.1,1.0,51.0,2.0,63.0,2.0
2026-03-19,67.2,2.0,65.07,2.0,74.98,1.0,58.65,2.0,63.0,2.0
2026-03-20,98.97,2.0,86.4,2.0,74.98,1.0,59.5,2.0,91.94,2.0
2026-03-21,98.97,2.0,87.72,2.0,74.98,1.0,68.42,2.0,81.0,2.0
2026-03-22,76.27,2.0,72.83,2.0,74.98,1.0,51.0,2.0,71.5,2.0
2026-03-23,76.27,2.0,73.5,2.0,74.98,1.0,51.0,2.0,71.5,2.0
2026-03-24,67.2,2.0,65.54,2.0,85.1,1.0,58.65,2.0,71.5,2.0
2026-03-25,67.2,2.0,64.94,2.0,85.1,1.0,51.0,2.0,63.0,2.0
2026-03-26,76.27,2.0,72.55,2.0,85.1,1.0,51.0,2.0,63.0,2.0
2026-03-27,98.97,2.0,96.72,2.0,74.98,1.0,59.5,2.0,91.94,2.0
2026-03-28,98.97,2.0,87.98,2.0,74.98,1.0,68.42,2.0,82.0,2.0
2026-03-29,67.2,2.0,65.45,2.0,85.1,1.0,51.0,2.0,63.0,2.0
2026-03-30,76.27,2.0,73.5,2.0,85.1,1.0,58.65,2.0,71.5,2.0
2026-03-31,67.2,2.0,73.12,2.0,74.98,1.0,58.65,2.0,71.5,2.0
2026-04-01,67.2,2.0,66.56,2.0,79.98,1.0,58.65,2.0,64.0,2.0
2026-04-02,67.2,2.0,66.64,2.0,79.98,1.0,58.65,2.0,72.64,2.0
2026-04-03,99.88,2.0,101.98,2.0,89.99,1.0,68.42,2.0,82.0,2.0
2026-04-04,99.88,2.0,92.86,2.0,89.99,1.0,59.5,2.0,82.0,2.0
2026-04-05,67.2,2.0,74.83,2.0,79.98,1.0,58.65,2.0,72.64,2.0
2026-04-06,76.27,2.0,75.25,2.0,79.98,1.0,58.65,2.0,72.64,2.0
2026-04-07,76.27,2.0,67.11,2.0,90.78,1.0,58.65,2.0,72.64,2.0
2026-04-08,67.2,2.0,66.47,2.0,90.78,1.0,58.65,2.0,72.64,2.0
2026-04-09,67.2,2.0,66.77,2.0,79.98,1.0,58.65,2.0,72.64,2.0
2026-04-10,88.0,2.0,92.1,2.0,102.14,1.0,59.5,2.0,82.0,2.0
2026-04-11,88.0,2.0,93.71,2.0,89.99,1.0,68.42,2.0,82.0,2.0
2026-04-12,67.2,2.0,74.87,2.0,90.78,1.0,58.65,2.0,72.64,2.0
2026-04-13,76.27,2.0,75.44,2.0,90.78,1.0,51.0,2.0,72.64,2.0
2026-04-14,67.2,2.0,74.87,2.0,90.78,1.0,58.65,2.0,64.0,2.0
2026-04-15,67.2,2.0,66.56,2.0,90.78,1.0,58.65,2.0,72.64,2.0
2026-04-16,76.27,2.0,66.64,2.0,90.78,1.0,58.65,2.0,72.64,2.0
2026-04-17,99.88,2.0,101.93,2.0,102.14,1.0,68.42,2.0,93.07,2.0
2026-04-19,76.27,2.0,67.11,2.0,90.78,1.0,58.65,2.0,64.0,2.0
2026-04-20,62.4,2.0,67.49,2.0,90.78,1.0,51.0,2.0,54.48,2.0
2026-04-21,68.0,2.0,74.92,2.0,79.98,1.0,58.65,2.0,64.0,2.0
2026-04-22,62.65,2.0,74.26,2.0,79.98,1.0,51.0,2.0,65.38,2.0
2026-04-23,67.2,2.0,74.26,2.0,90.78,1.0,58.65,2.0,59.2,2.0
2026-04-24,117.13,2.0,92.99,2.0,89.99,1.0,68.42,2.0,82.0,2.0
2026-04-25,103.2,2.0,94.18,2.0,102.14,1.0,68.42,2.0,93.07,2.0
2026-04-26,76.27,2.0,74.83,2.0,90.78,1.0,58.65,2.0,64.0,2.0
2026-04-27,76.27,2.0,67.49,2.0,90.78,1.0,58.65,2.0,72.64,2.0
2026-04-28,76.27,2.0,67.15,2.0,90.78,1.0,51.0,2.0,64.0,2.0
2026-04-29,67.2,2.0,66.47,2.0,90.78,1.0,51.0,2.0,64.0,2.0
2026-04-30,67.2,2.0,66.64,2.0,79.98,1.0,58.65,2.0,72.64,2.0
2026-05-01,98.97,2.0,105.81,2.0,79.43,1.0,68.42,2.0,72.0,2.0
2026-05-02,87.2,2.0,96.52,2.0,69.98,1.0,68.42,2.0,81.72,2.0
2026-05-03,80.81,2.0,69.23,2.0,69.98,1.0,51.0,2.0,69.23,2.0
2026-05-04,80.81,2.0,69.62,2.0,69.98,1.0,51.0,2.0,69.23,2.0
2026-05-06,80.81,2.0,76.49,2.0,69.98,1.0,51.0,2.0,61.0,2.0
2026-05-07,71.2,2.0,68.72,2.0,79.43,1.0,51.0,2.0,69.23,2.0
2026-05-09,98.97,2.0,107.52,2.0,69.98,1.0,68.42,2.0,72.0,2.0
2026-05-10,80.81,2.0,69.23,2.0,79.43,1.0,51.0,2.0,61.0,2.0
2026-05-11,80.81,2.0,77.67,2.0,79.43,1.0,51.0,2.0,69.23,2.0
2026-05-12,71.2,2.0,77.57,2.0,79.43,1.0,51.0,2.0,61.0,2.0
2026-05-13,80.81,2.0,69.15,2.0,69.98,1.0,58.65,2.0,61.0,2.0
2026-05-14,80.81,2.0,76.87,2.0,79.43,1.0,51.0,2.0,57.88,3.0
2026-05-15,87.2,2.0,108.38,2.0,69.98,1.0,68.97,2.0,72.0,2.0
2026-05-16,98.97,2.0,97.2,2.0,69.98,1.0,60.61,2.0,72.0,2.0
2026-05-17,71.2,2.0,69.19,2.0,69.98,1.0,58.65,2.0,69.23,2.0
2026-05-18,80.81,2.0,69.57,2.0,79.43,1.0,58.65,2.0,69.23,2.0
2026-05-19,71.2,2.0,69.23,2.0,69.98,1.0,51.0,2.0,69.23,2.0
2026-05-20,80.81,2.0,76.53,2.0,79.43,1.0,58.65,2.0,69.23,2.0
2026-05-21,80.81,2.0,76.68,2.0,79.43,1.0,58.65,2.0,61.0,2.0
2026-05-22,117.13,2.0,96.22,2.0,69.98,1.0,68.42,2.0,72.0,2.0
2026-05-23,103.2,2.0,108.8,2.0,69.98,1.0,59.5,2.0,81.72,2.0
2026-05-24,80.81,2.0,69.19,2.0,79.43,1.0,58.65,2.0,69.23,2.0
2026-05-25,71.2,2.0,69.62,2.0,69.98,1.0,58.65,2.0,61.0,2.0
2026-05-27,80.81,2.0,76.87,2.0,69.98,1.0,51.0,2.0,61.0,2.0
2026-05-28,80.81,2.0,76.77,2.0,79.43,1.0,51.0,2.0,69.23,2.0
2026-05-29,171.61,2.0,98.6,2.0,69.98,1.0,59.5,2.0,81.72,2.0
2026-05-31,71.2,2.0,69.19,2.0,79.43,1.0,51.0,2.0,61.0,2.0
2026-06-01,71.2,2.0,76.05,2.0,69.98,1.0,68.0,2.0,73.78,2.0
2026-06-02,80.81,2.0,76.24,2.0,79.43,1.0,78.2,2.0,65.0,2.0
2026-06-03,71.2,2.0,76.01,2.0,79.43,1.0,68.0,2.0,73.78,2.0
2026-06-04,80.81,2.0,67.62,2.0,79.43,1.0,78.2,2.0,65.0,2.0
2026-06-05,111.2,2.0,97.92,2.0,69.98,1.0,87.97,2.0,97.0,2.0
2026-06-07,80.81,2.0,75.54,2.0,69.98,1.0,78.2,2.0,65.0,2.0
2026-06-08,80.81,2.0,76.15,2.0,69.98,1.0,78.2,2.0,73.78,2.0
